title,category,image_path
테이퍼드 히든 밴딩 크롭 슬랙스 [블랙],2,downloaded_images/0.PNG
세미 와이드 히든 밴딩 슬랙스 [블랙],2,downloaded_images/1.PNG
릴렉스 핏 크루 넥 반팔 티셔츠 [화이트],1,downloaded_images/2.PNG
와이드 히든 밴딩 슬랙스 [블랙],2,downloaded_images/3.PNG
베이식 긴팔 티셔츠 [화이트],1,downloaded_images/4.PNG
와이드 히든 밴딩 슬랙스 [미디엄 그레이],2,downloaded_images/5.PNG
레이어드 크루 넥 반팔 티셔츠_일반 기장 [화이트],1,downloaded_images/6.PNG
레이어드 크루 넥 반팔 티셔츠_긴 기장 [화이트],1,downloaded_images/7.PNG
베이식 블레이저 [블랙],0,downloaded_images/8.PNG
릴렉스 핏 크루 넥 반팔 티셔츠 [블랙],1,downloaded_images/9.PNG
베이식 긴팔 티셔츠 2팩,1,downloaded_images/10.PNG
베이식 긴팔 티셔츠 [블랙],1,downloaded_images/11.PNG
브이넥 라이트 다운 베스트 [블랙],0,downloaded_images/12.PNG
릴렉스드 베이식 블레이저 [블랙],0,downloaded_images/13.PNG
릴렉스 핏 크루 넥 반팔 티셔츠 2팩,1,downloaded_images/14.PNG
오버사이즈 블레이저 [블랙],0,downloaded_images/15.PNG
베이식 크루 넥 반팔 티셔츠 [화이트],1,downloaded_images/16.PNG
세미 와이드 히든 밴딩 슬랙스 [미디엄 그레이],2,downloaded_images/17.PNG
유틸리티 쇼츠 [블랙],2,downloaded_images/18.PNG
라운지 스웨트 팬츠 [블랙],2,downloaded_images/19.PNG
폰테 크루 넥 긴팔 티셔츠 [오프 화이트],1,downloaded_images/20.PNG
라운지 스웨트 팬츠 [멜란지 그레이],2,downloaded_images/21.PNG
스웨트셔츠 [블랙],1,downloaded_images/22.PNG
우먼즈 베이식 크루 넥 반팔 티셔츠 [화이트],1,downloaded_images/23.PNG
캐시미어 블렌드 오버사이즈 싱글 코트 [블랙],0,downloaded_images/24.PNG
레이어드 크루 넥 반팔 티셔츠_일반 기장 2팩,1,downloaded_images/25.PNG
후디드 스웨트 집업 [멜란지 그레이],0,downloaded_images/26.PNG
리얼 와이드 히든 밴딩 슬랙스 [블랙],2,downloaded_images/27.PNG
릴렉스 핏 옥스포드 셔츠 [화이트],1,downloaded_images/28.PNG
[쿨탠다드] 테이퍼드 히든 밴딩 크롭 슬랙스 [블랙],2,downloaded_images/29.PNG
레플리카 퍼티그 팬츠 [카키],2,downloaded_images/30.PNG
베이식 옥스포드 셔츠 [화이트],1,downloaded_images/31.PNG
라이트웨이트 세미 와이드 히든 밴딩 슬랙스 [블랙],2,downloaded_images/32.PNG
[쿨탠다드] 릴렉스 핏 크루 넥 반팔 티셔츠 2팩,1,downloaded_images/33.PNG
라이트웨이트 테이퍼드 히든 밴딩 크롭 슬랙스 [블랙],2,downloaded_images/34.PNG
폰테 크루 넥 긴팔 티셔츠 [블랙],1,downloaded_images/35.PNG
우먼즈 플랫 테리 와이드 라운지 스웨트 팬츠 [블랙],2,downloaded_images/36.PNG
[쿨탠다드] 릴렉스 핏 크루 넥 반팔 티셔츠 [블랙],1,downloaded_images/37.PNG
테이퍼드 히든 밴딩 크롭 슬랙스 [미디엄 그레이],2,downloaded_images/38.PNG
스트레이트 데님 팬츠 [라이트 인디고],2,downloaded_images/39.PNG
베이식 크루 넥 반팔 티셔츠 [블랙],1,downloaded_images/40.PNG
와이드 히든 밴딩 슬랙스 [더스티 베이지],2,downloaded_images/41.PNG
[쿨탠다드] 세미 와이드 히든 밴딩 슬랙스 [블랙],2,downloaded_images/42.PNG
라이트웨이트 베이식 블레이저 [블랙],0,downloaded_images/43.PNG
세미 와이드 슬릿 히든 밴딩 슬랙스 [블랙],2,downloaded_images/44.PNG
와이드 데님 팬츠 [라이트 인디고],2,downloaded_images/45.PNG
크루 넥 긴팔 티셔츠 [블랙],1,downloaded_images/46.PNG
스웨트 팬츠 [멜란지 그레이],2,downloaded_images/47.PNG
레귤러 핏 데님 팬츠 [라이트 인디고],2,downloaded_images/48.PNG
베이식 드레스 셔츠 [화이트],1,downloaded_images/49.PNG
크루 넥 긴팔 티셔츠 [화이트],1,downloaded_images/50.PNG
테이퍼드 히든 밴딩 크롭 슬랙스 [더스티 베이지],2,downloaded_images/51.PNG
헤비웨이트 오버사이즈 후디드 스웨트 집업 [미디엄 그레이],0,downloaded_images/52.PNG
[쿨탠다드] 릴렉스 핏 크루 넥 반팔 티셔츠 [화이트],1,downloaded_images/53.PNG
세미 와이드 히든 밴딩 슬랙스 [더스티 베이지],2,downloaded_images/54.PNG
[쿨탠다드] 와이드 히든 밴딩 슬랙스 [블랙],2,downloaded_images/55.PNG
테이퍼드 히든 밴딩 10부 슬랙스 [블랙],2,downloaded_images/56.PNG
베이식 크루 넥 반팔 티셔츠 2팩,1,downloaded_images/57.PNG
우먼즈 크루 넥 크롭 반팔 티셔츠 [화이트],1,downloaded_images/58.PNG
나일론 이지 쇼츠_7.5인치 [블랙],2,downloaded_images/59.PNG
릴렉스 핏 실키 셔츠 [화이트],1,downloaded_images/60.PNG
스웨트 팬츠 [블랙],2,downloaded_images/61.PNG
레귤러 핏 데님 팬츠 [워시드 블랙],2,downloaded_images/62.PNG
스트레이트 데님 팬츠 [크림],2,downloaded_images/63.PNG
우먼즈 베이식 크루 넥 반팔 티셔츠 [블랙],1,downloaded_images/64.PNG
스트레이트 데님 팬츠 [워시드 블랙],2,downloaded_images/65.PNG
다운 푸퍼 숏 패딩 재킷 [블랙],0,downloaded_images/66.PNG
슬림 크롭 데님 팬츠 [라이트 인디고],2,downloaded_images/67.PNG
릴렉스드 테이퍼드 히든 밴딩 크롭 슬랙스 [블랙],2,downloaded_images/68.PNG
라이트웨이트 테이퍼드 히든 밴딩 크롭 슬랙스 [라이트 베이지],2,downloaded_images/69.PNG
릴렉스 핏 실키 셔츠 [블랙],1,downloaded_images/70.PNG
우먼즈 오버사이즈 블레이저 [블랙],0,downloaded_images/71.PNG
우먼즈 플랫 테리 와이드 라운지 스웨트 팬츠 [미디엄 그레이],2,downloaded_images/72.PNG
베이식 긴팔 티셔츠 [크림],1,downloaded_images/73.PNG
폰테 터틀 넥 긴팔 티셔츠 [블랙],1,downloaded_images/74.PNG
릴렉스 핏 크루 넥 반팔 티셔츠 [그레이쉬 블루],1,downloaded_images/75.PNG
트랜스폼 라운드 넥 라이트 다운 재킷 [블랙],0,downloaded_images/76.PNG
스웨트 쇼츠 [멜란지 그레이],2,downloaded_images/77.PNG
릴렉스드 베이식 블레이저 [미디엄 그레이],0,downloaded_images/78.PNG
스웨트셔츠 [멜란지 그레이],1,downloaded_images/79.PNG
다운 푸퍼 숏 패딩 재킷 [라이트 그레이],0,downloaded_images/80.PNG
헤비웨이트 오버사이즈 스웨트셔츠 [블랙],1,downloaded_images/81.PNG
슬림 크롭 데님 팬츠 [미디엄 인디고],2,downloaded_images/82.PNG
테이퍼드 히든 밴딩 크롭 슬랙스 [라이트 베이지],2,downloaded_images/83.PNG
리얼 와이드 히든 밴딩 슬랙스 [미디엄 그레이],2,downloaded_images/84.PNG
유틸리티 쇼츠 [베이지],2,downloaded_images/85.PNG
릴렉스 핏 실키 셔츠 [다크 네이비],1,downloaded_images/86.PNG
레귤러 핏 데님 팬츠 [크림],2,downloaded_images/87.PNG
글렌 체크 베이식 블레이저 [미디엄 그레이],0,downloaded_images/88.PNG
우먼즈 와이드 히든 밴딩 슬랙스 [블랙],2,downloaded_images/89.PNG
[쿨탠다드] 슬림 크롭 데님 팬츠 [라이트 인디고],2,downloaded_images/90.PNG
유틸리티 쇼츠 [카키],2,downloaded_images/91.PNG
레이어드 슬리브리스 탑_일반 기장 [화이트],1,downloaded_images/92.PNG
오버사이즈 MA-1 보머 재킷 [블랙],0,downloaded_images/93.PNG
테이퍼드 히든 밴딩 크롭 슬랙스 [차콜 그레이],2,downloaded_images/94.PNG
릴렉스드 베이식 블레이저 [더스티 베이지],0,downloaded_images/95.PNG
미니멀 크루 넥 니트 [블랙],1,downloaded_images/96.PNG
테이퍼드 히든 밴딩 크롭 슬랙스 [라이트 그레이],2,downloaded_images/97.PNG
릴렉스드 데님 트러커 재킷 [워시드 블랙],0,downloaded_images/98.PNG
레이어드 슬리브리스 탑_긴 기장 [화이트],1,downloaded_images/99.PNG
테이퍼드 치노 팬츠 [베이지],2,downloaded_images/100.PNG
나일론 이지 쇼츠_5.5인치 [블랙],2,downloaded_images/101.PNG
릴렉스 핏 크루 넥 반팔 티셔츠 [다크 그레이],1,downloaded_images/102.PNG
와이드 데님 팬츠 [크림],2,downloaded_images/103.PNG
원 턱 레귤러 핏 치노 팬츠 [베이지],2,downloaded_images/104.PNG
와이드 데님 팬츠 [워시드 블랙],2,downloaded_images/105.PNG
세미 와이드 히든 밴딩 슬랙스 [차콜 그레이],2,downloaded_images/106.PNG
우먼즈 크루 넥 크롭 반팔 티셔츠 [블랙],1,downloaded_images/107.PNG
테이퍼드 치노 팬츠 [크림],2,downloaded_images/108.PNG
우먼즈 릴렉스드 크루 넥 긴팔 티셔츠 [화이트],1,downloaded_images/109.PNG
헤비웨이트 오버사이즈 후디드 스웨트셔츠 [미디엄 그레이],1,downloaded_images/110.PNG
샤기 플리스 집업 재킷 [블랙],0,downloaded_images/111.PNG
릴렉스 핏 크루 넥 반팔 티셔츠 [네이비],1,downloaded_images/112.PNG
라이트웨이트 와이드 히든 밴딩 슬랙스 [블랙],2,downloaded_images/113.PNG
[쿨탠다드] 릴렉스드 테이퍼드 히든 밴딩 크롭 슬랙스 [블랙],2,downloaded_images/114.PNG
후디드 스웨트셔츠 [멜란지 그레이],1,downloaded_images/115.PNG
테이퍼드 히든 밴딩 크롭 슬랙스 [네이비],2,downloaded_images/116.PNG
릴렉스 핏 실키 셔츠 [그레이쉬 블루],1,downloaded_images/117.PNG
슬림 크롭 데님 팬츠 [블랙],2,downloaded_images/118.PNG
후디드 스웨트 집업_짧은 길이 [멜란지 그레이],0,downloaded_images/119.PNG
헤비웨이트 스웨트 팬츠 [미디엄 그레이],2,downloaded_images/120.PNG
쓰리 턱 세미 벌룬 슬랙스 [블랙],2,downloaded_images/121.PNG
원 턱 와이드 라운지 스웨트 팬츠 [미디엄 그레이],2,downloaded_images/122.PNG
릴렉스 핏 옥스포드 셔츠 [블루],1,downloaded_images/123.PNG
스웨트 쇼츠 [블랙],2,downloaded_images/124.PNG
테이퍼드 크롭 데님 팬츠 [라이트 인디고],2,downloaded_images/125.PNG
릴렉스 핏 실키 셔츠 [카키],1,downloaded_images/126.PNG
헤비웨이트 속기모 테이퍼드 히든 밴딩 10부 슬랙스 [블랙],2,downloaded_images/127.PNG
세미 와이드 히든 밴딩 슬랙스 [라이트 베이지],2,downloaded_images/128.PNG
캐시미어 블렌드 오버사이즈 더블 코트 [블랙],0,downloaded_images/129.PNG
테이퍼드 히든 밴딩 크롭 슬랙스 [크림],2,downloaded_images/130.PNG
트랜스폼 라운드 넥 라이트 다운 베스트 [블랙],0,downloaded_images/131.PNG
우먼즈 릴렉스드 라운지 스웨트 팬츠 [블랙],2,downloaded_images/132.PNG
와이드 히든 밴딩 슬랙스 [차콜 그레이],2,downloaded_images/133.PNG
레귤러 핏 데님 팬츠 [미디엄 인디고],2,downloaded_images/134.PNG
와이드 치노 팬츠 [베이지],2,downloaded_images/135.PNG
테이퍼드 치노 팬츠 [블랙],2,downloaded_images/136.PNG
우먼즈 스웨트 팬츠 [블랙],2,downloaded_images/137.PNG
와이드 코듀로이 팬츠 [크림],2,downloaded_images/138.PNG
레이어드 크루 넥 반팔 티셔츠_긴 기장 2팩,1,downloaded_images/139.PNG
리얼 와이드 히든 밴딩 슬랙스 [더스티 베이지],2,downloaded_images/140.PNG
코튼 이지 쇼츠 [블랙],2,downloaded_images/141.PNG
라이트웨이트 테이퍼드 히든 밴딩 크롭 슬랙스 [라이트 그레이],2,downloaded_images/142.PNG
와이드 히든 밴딩 크롭 슬랙스 [블랙],2,downloaded_images/143.PNG
오버사이즈 블레이저 [미디엄 그레이],0,downloaded_images/144.PNG
유틸리티 쇼츠 [라이트 그레이],2,downloaded_images/145.PNG
스키니 히든 밴딩 크롭 슬랙스 [블랙],2,downloaded_images/146.PNG
스웨트셔츠 [네이비],1,downloaded_images/147.PNG
베이식 피케 폴로 셔츠 [블랙],1,downloaded_images/148.PNG
우먼즈 슬림 스트레이트 히든 밴딩 슬랙스 [블랙],2,downloaded_images/149.PNG
헤비웨이트 오버사이즈 후디드 스웨트셔츠 [블랙],1,downloaded_images/150.PNG
세미 와이드 히든 밴딩 슬랙스 [그레이],2,downloaded_images/151.PNG
릴렉스 핏 크루 넥 반팔 티셔츠 [스모크 핑크],1,downloaded_images/152.PNG
미니멀 가디건 [블랙],0,downloaded_images/153.PNG
와이드 히든 밴딩 슬랙스 [라이트 베이지],2,downloaded_images/154.PNG
와이드 스웨트 팬츠 [미디엄 그레이],2,downloaded_images/155.PNG
슈퍼 와이드 히든 밴딩 슬랙스[블랙],2,downloaded_images/156.PNG
우먼즈 스웨트 팬츠 [미디엄 그레이],2,downloaded_images/157.PNG
와이드 코듀로이 팬츠 [블랙],2,downloaded_images/158.PNG
후디드 스웨트 집업 [블랙],0,downloaded_images/159.PNG
크루 넥 긴팔 티셔츠 [다크 베이지],1,downloaded_images/160.PNG
라이트웨이트 리얼 와이드 히든 밴딩 슬랙스 [블랙],2,downloaded_images/161.PNG
릴렉스 핏 옥스포드 셔츠 [그레이],1,downloaded_images/162.PNG
기모 스웨트 팬츠 [블랙],2,downloaded_images/163.PNG
폰테 릴렉스 핏 크루 넥 반팔 티셔츠 [화이트],1,downloaded_images/164.PNG
릴렉스드 미니멀 재킷 [블랙],0,downloaded_images/165.PNG
헤비웨이트 오버사이즈 후디드 스웨트 집업 [블랙],0,downloaded_images/166.PNG
오버사이즈 크루 넥 반팔 티셔츠 [화이트],1,downloaded_images/167.PNG
릴렉스 핏 크루 넥 반팔 티셔츠 2 [화이트],1,downloaded_images/168.PNG
링클프리 드레스 셔츠 [화이트],1,downloaded_images/169.PNG
우먼즈 웨이스트밴들리스 와이드 슬랙스 [블랙],2,downloaded_images/170.PNG
레이어드 슬리브리스 탑_일반 기장 2팩,1,downloaded_images/171.PNG
슬릿 넥 피케 폴로 셔츠 [블랙],1,downloaded_images/172.PNG
레귤러 핏 코듀로이 팬츠 [블랙],2,downloaded_images/173.PNG
[쿨탠다드] 크루 넥 긴팔 티셔츠 [블랙],1,downloaded_images/174.PNG
와이드 데님 팬츠 [딥 인디고],2,downloaded_images/175.PNG
레귤러 핏 코듀로이 팬츠 [베이지],2,downloaded_images/176.PNG
캐시미어 블렌드 오버사이즈 발마칸 코트 [블랙],0,downloaded_images/177.PNG
레이어드 크루 넥 긴팔 티셔츠_긴 기장 [화이트],1,downloaded_images/178.PNG
릴렉스 핏 크루 넥 반팔 티셔츠 [머스터드],1,downloaded_images/179.PNG
스트레이트 데님 팬츠 [미디엄 인디고],2,downloaded_images/180.PNG
크루 넥 7부 티셔츠 [블랙],1,downloaded_images/181.PNG
우먼즈 베이식 크루 넥 반팔 티셔츠 [크림],1,downloaded_images/182.PNG
스트레이트 히든 밴딩 슬랙스 [블랙],2,downloaded_images/183.PNG
테이퍼드 크롭 데님 팬츠 [크림],2,downloaded_images/184.PNG
코튼 린넨 테이퍼드 이지 팬츠 [라이트 그레이],2,downloaded_images/185.PNG
라이트웨이트 스키니 히든 밴딩 크롭 슬랙스 [블랙],2,downloaded_images/186.PNG
후디드 스웨트셔츠 [블랙],1,downloaded_images/187.PNG
오버사이즈 블레이저 [더스티 베이지],0,downloaded_images/188.PNG
라이트웨이트 테이퍼드 히든 밴딩 크롭 슬랙스 [미디엄 그레이],2,downloaded_images/189.PNG
릴렉스드 베이식 블레이저 [차콜 그레이],0,downloaded_images/190.PNG
스트라이프 보트 넥 긴팔 티셔츠 [아이보리/블랙],1,downloaded_images/191.PNG
캐시미어 블렌드 대디 숄더 싱글 롱 코트 [블랙],0,downloaded_images/192.PNG
라이트웨이트 세미 와이드 히든 밴딩 슬랙스 [라이트 베이지],2,downloaded_images/193.PNG
베이식 블레이저 [차콜 그레이],0,downloaded_images/194.PNG
[쿨탠다드] 리얼 와이드 히든 밴딩 슬랙스 [블랙],2,downloaded_images/195.PNG
와이드 이지 밴딩 크롭 슬랙스 [블랙],2,downloaded_images/196.PNG
릴렉스드 데님 트러커 재킷 [라이트 인디고],0,downloaded_images/197.PNG
기모 스웨트 팬츠 [미디엄 그레이],2,downloaded_images/198.PNG
오버사이즈 옥스포드 셔츠 [화이트],1,downloaded_images/199.PNG
라이트웨이트 세미 와이드 히든 밴딩 슬랙스 [미디엄 그레이],2,downloaded_images/200.PNG
헤비웨이트 속기모 와이드 히든 밴딩 슬랙스 [블랙],2,downloaded_images/201.PNG
헤비웨이트 스웨트 팬츠 [블랙],2,downloaded_images/202.PNG
폰테 크루 넥 긴팔 티셔츠 [크림],1,downloaded_images/203.PNG
베이식 블레이저 [미디엄 그레이],0,downloaded_images/204.PNG
우먼즈 릴렉스드 크루 넥 긴팔 티셔츠 [블랙],1,downloaded_images/205.PNG
코튼 와이드 벌룬 팬츠 [베이지],2,downloaded_images/206.PNG
[쿨탠다드] 크루 넥 긴팔 티셔츠 [화이트],1,downloaded_images/207.PNG
우먼즈 릴렉스드 라운지 스웨트 팬츠 [미디엄 그레이],2,downloaded_images/208.PNG
브이넥 라이트 다운 베스트 [차콜 그레이],0,downloaded_images/209.PNG
테이퍼드 히든 밴딩 크롭 슬랙스 [다크 그레이],2,downloaded_images/210.PNG
[구교환 착용 상품] 세미 와이드 슬릿 히든 밴딩 슬랙스 [미디엄 그레이],2,downloaded_images/211.PNG
스트레이트 데님 팬츠 [블랙],2,downloaded_images/212.PNG
헤비웨이트 라운지 스웨트 팬츠 [미디엄 그레이],2,downloaded_images/213.PNG
글렌 체크 베이식 블레이저 [다크 베이지],0,downloaded_images/214.PNG
[쿨탠다드] 베이식 크루 넥 반팔 티셔츠 [화이트],1,downloaded_images/215.PNG
코튼 이지 쇼츠 [크림],2,downloaded_images/216.PNG
테이퍼드 크롭 데님 팬츠 [미디엄 인디고],2,downloaded_images/217.PNG
와이드 히든 밴딩 슬랙스 [그레이],2,downloaded_images/218.PNG
브이넥 라이트 다운 재킷 [블랙],0,downloaded_images/219.PNG
스트라이프 릴렉스드 크루 넥 긴팔 티셔츠 [블랙],1,downloaded_images/220.PNG
베이식 긴팔 티셔츠 [오트밀],1,downloaded_images/221.PNG
피시테일 파카 [카키],0,downloaded_images/222.PNG
테이퍼드 히든 밴딩 크롭 슬랙스 [베이지],2,downloaded_images/223.PNG
코튼 린넨 테이퍼드 이지 팬츠 [블랙],2,downloaded_images/224.PNG
릴렉스 핏 크루 넥 포켓 반팔 티셔츠 [블랙],1,downloaded_images/225.PNG
코튼 린넨 테이퍼드 이지 팬츠 [베이지],2,downloaded_images/226.PNG
[쿨탠다드] 슬림 크롭 데님 팬츠 [미디엄 인디고],2,downloaded_images/227.PNG
테이퍼드 히든 밴딩 크롭 슬랙스 [그레이],2,downloaded_images/228.PNG
라이트웨이트 테이퍼드 히든 밴딩 10부 슬랙스 [블랙],2,downloaded_images/229.PNG
[쿨탠다드] 피케 폴로 셔츠 [블랙],1,downloaded_images/230.PNG
레귤러 핏 코듀로이 팬츠 [크림],2,downloaded_images/231.PNG
와이드 히든 밴딩 슬랙스 [브라운],2,downloaded_images/232.PNG
와이드 데님 팬츠 [스카이 블루],2,downloaded_images/233.PNG
베이식 긴팔 티셔츠 [다크 베이지],1,downloaded_images/234.PNG
와이드 치노 팬츠 [블랙],2,downloaded_images/235.PNG
[쿨탠다드] 우먼즈 베이식 크루 넥 반팔 티셔츠 [화이트],1,downloaded_images/236.PNG
릴렉스 핏 피케 폴로 셔츠 [블랙],1,downloaded_images/237.PNG
라이트웨이트 테이퍼드 밴딩 크롭 슬랙스 [라이트 베이지],2,downloaded_images/238.PNG
원 턱 와이드 라운지 스웨트 팬츠 [블랙],2,downloaded_images/239.PNG
레귤러 핏 치노 팬츠 [베이지],2,downloaded_images/240.PNG
릴렉스 핏 크루 넥 포켓 반팔 티셔츠 [화이트],1,downloaded_images/241.PNG
와이드 데님 팬츠 [그레이],2,downloaded_images/242.PNG
[쿨탠다드] 쿨링 와이드 이지 팬츠 [블랙],2,downloaded_images/243.PNG
리얼 와이드 벨티드 슬랙스 [블랙],2,downloaded_images/244.PNG
세미 와이드 히든 밴딩 슬랙스 [네이비],2,downloaded_images/245.PNG
[쿨탠다드] 베이식 크루 넥 반팔 티셔츠 [블랙],1,downloaded_images/246.PNG
라이트웨이트 히든 밴딩 하프 슬랙스 [블랙],2,downloaded_images/247.PNG
베이식 긴팔 티셔츠 [아보카도],1,downloaded_images/248.PNG
와이드 스웨트 팬츠 [블랙],2,downloaded_images/249.PNG
세미 와이드 히든 밴딩 슬랙스 [베이지],2,downloaded_images/250.PNG
베이식 긴팔 티셔츠 [다크 그레이],1,downloaded_images/251.PNG
릴렉스 핏 크루 넥 반팔 티셔츠 [블루],1,downloaded_images/252.PNG
릴렉스 핏 크루 넥 반팔 티셔츠 [크림],1,downloaded_images/253.PNG
폰테 터틀 넥 긴팔 티셔츠 [오프 화이트],1,downloaded_images/254.PNG
레플리카 퍼티그 팬츠 [블랙],2,downloaded_images/255.PNG
테이퍼드 치노 팬츠 [카키],2,downloaded_images/256.PNG
라이트웨이트 와이드 드로스트링 밴딩 크롭 슬랙스 [블랙],2,downloaded_images/257.PNG
와이드 데님 팬츠 [미디엄 인디고],2,downloaded_images/258.PNG
레귤러 핏 데님 팬츠 [블랙],2,downloaded_images/259.PNG
스웨트셔츠 [오트밀],1,downloaded_images/260.PNG
쓰리 턱 세미 벌룬 슬랙스 [더스티 베이지],2,downloaded_images/261.PNG
헤비웨이트 오버사이즈 스웨트셔츠 [미디엄 그레이],1,downloaded_images/262.PNG
와이드 치노 팬츠 [크림],2,downloaded_images/263.PNG
코튼 린넨 테이퍼드 이지 팬츠 [라이트 베이지],2,downloaded_images/264.PNG
우먼즈 트랜스폼 라운드 넥 라이트 다운 재킷 [블랙],0,downloaded_images/265.PNG
우먼즈 트랜스폼 라운드 넥 라이트 다운 베스트 [블랙],0,downloaded_images/266.PNG
릴렉스 핏 크루 넥 반팔 티셔츠 [라이트 그레이],1,downloaded_images/267.PNG
[쿨탠다드] 릴렉스 핏 크루 넥 반팔 티셔츠 [네이비],1,downloaded_images/268.PNG
[그린] 리사이클 원 턱 릴렉스드 테이퍼드 히든 밴딩 크롭 슬랙스 [블랙],2,downloaded_images/269.PNG
테이퍼드 크롭 데님 팬츠 [블랙],2,downloaded_images/270.PNG
유틸리티 쇼츠 [다크 그레이],2,downloaded_images/271.PNG
헤비웨이트 라운지 스웨트 팬츠 [블랙],2,downloaded_images/272.PNG
레귤러 핏 치노 팬츠 [크림],2,downloaded_images/273.PNG
베이식 옥스포드 셔츠 [블루],1,downloaded_images/274.PNG
우먼즈 릴렉스 핏 크루 넥 반팔 티셔츠 [화이트],1,downloaded_images/275.PNG
라이트웨이트 베이식 블레이저 [미디엄 그레이],0,downloaded_images/276.PNG
폰테 릴렉스 핏 크루 넥 반팔 티셔츠 2팩,1,downloaded_images/277.PNG
릴렉스 핏 크루 넥 반팔 티셔츠 [베이지],1,downloaded_images/278.PNG
릴렉스드 테이퍼드 히든 밴딩 크롭 슬랙스 [미디엄 그레이],2,downloaded_images/279.PNG
오버사이즈 폴라 플리스 하이넥 재킷 [블랙],0,downloaded_images/280.PNG
라이트웨이트 와이드 히든 밴딩 크롭 슬랙스 [블랙],2,downloaded_images/281.PNG
대디 숄더 오버사이즈 블레이저 [블랙],0,downloaded_images/282.PNG
우먼즈 베이식 블레이저 [블랙],0,downloaded_images/283.PNG
미니멀 모크 넥 니트 [블랙],1,downloaded_images/284.PNG
릴렉스 핏 크루 넥 반팔 티셔츠 [라이트 카키],1,downloaded_images/285.PNG
[쿨탠다드] 테이퍼드 히든 밴딩 크롭 슬랙스 [라이트 베이지],2,downloaded_images/286.PNG
코튼 린넨 이지 쇼츠 [블랙],2,downloaded_images/287.PNG
베이식 옥스포드 셔츠 [그레이],1,downloaded_images/288.PNG
릴렉스 핏 크루 넥 반팔 티셔츠 [라임],1,downloaded_images/289.PNG
[쿨탠다드] 베이식 크루 넥 반팔 티셔츠 2팩,1,downloaded_images/290.PNG
레이어드 크루 넥 긴팔 티셔츠_일반 기장 [화이트],1,downloaded_images/291.PNG
[쿨탠다드] 슬림 크롭 데님 팬츠 [블랙],2,downloaded_images/292.PNG
우먼즈 플루이드 블레이저 [블랙],0,downloaded_images/293.PNG
라이트웨이트 와이드 히든 밴딩 슬랙스 [미디엄 그레이],2,downloaded_images/294.PNG
[쿨탠다드] 릴렉스 핏 크루 넥 반팔 티셔츠 [다크 그레이],1,downloaded_images/295.PNG
스트레이트 데님 팬츠 [스카이 블루],2,downloaded_images/296.PNG
베이식 드레스 셔츠 [블랙],1,downloaded_images/297.PNG
유틸리티 쇼츠 [네이비],2,downloaded_images/298.PNG
우먼즈 라운지 쇼츠 [블랙],2,downloaded_images/299.PNG
베이식 블레이저 [네이비],0,downloaded_images/300.PNG
와이드 히든 밴딩 슬랙스 [다크 그레이],2,downloaded_images/301.PNG
리얼 와이드 히든 밴딩 슬랙스 [차콜 그레이],2,downloaded_images/302.PNG
라이트웨이트 테이퍼드 히든 밴딩 크롭 슬랙스 [네이비],2,downloaded_images/303.PNG
슬림 크롭 데님 팬츠 [스카이 블루],2,downloaded_images/304.PNG
빅 대디 오버사이즈 블레이저 [블랙],0,downloaded_images/305.PNG
헤비웨이트 릴렉스드 크루 넥 긴팔 티셔츠 [화이트],1,downloaded_images/306.PNG
우먼즈 라이트웨이트 하이 웨이스트 와이드 히든 밴딩 슬랙스 [블랙],2,downloaded_images/307.PNG
나일론 이지 쇼츠_7.5인치 [베이지],2,downloaded_images/308.PNG
세미 와이드 히든 밴딩 슬랙스 [라이트 그레이],2,downloaded_images/309.PNG
베이식 긴팔 티셔츠 [브라운],1,downloaded_images/310.PNG
우먼즈 와이드 데님 팬츠 [워시드 블랙],2,downloaded_images/311.PNG
[쿨탠다드] 트리코트 이지 셔츠 [화이트],1,downloaded_images/312.PNG
릴렉스 핏 옥스포드 셔츠 [블랙],1,downloaded_images/313.PNG
코튼 이지 쇼츠 [베이지],2,downloaded_images/314.PNG
릴렉스 핏 실키 셔츠 [라이트 그레이],1,downloaded_images/315.PNG
크루 넥 긴팔 티셔츠 [오트밀],1,downloaded_images/316.PNG
릴렉스드 데님 트러커 재킷 [미디엄 인디고],0,downloaded_images/317.PNG
세미 와이드 히든 밴딩 슬랙스 [크림],2,downloaded_images/318.PNG
스웨트셔츠 [화이트],1,downloaded_images/319.PNG
우먼즈 스트링 크롭 슬리브리스 탑 2팩,1,downloaded_images/320.PNG
리얼 와이드 히든 밴딩 슬랙스 [브라운],2,downloaded_images/321.PNG
슬릿 넥 피케 폴로 셔츠 [머쉬룸],1,downloaded_images/322.PNG
젠더리스 와이드 밴딩 슬랙스 [블랙],2,downloaded_images/323.PNG
쓰리 턱 세미 벌룬 슬랙스 [미디엄 그레이],2,downloaded_images/324.PNG
코튼 이지 쇼츠 [카키],2,downloaded_images/325.PNG
릴렉스 핏 실키 셔츠 [핑크],1,downloaded_images/326.PNG
라운지 스웨트 팬츠 [멜란지 라이트 그레이],2,downloaded_images/327.PNG
레귤러 핏 데님 팬츠 [화이트],2,downloaded_images/328.PNG
[쿨탠다드] 우먼즈 베이식 크루 넥 반팔 티셔츠 [블랙],1,downloaded_images/329.PNG
라이트웨이트 테이퍼드 히든 밴딩 크롭 슬랙스 [차콜 그레이],2,downloaded_images/330.PNG
릴렉스드 베이식 블레이저 [네이비],0,downloaded_images/331.PNG
오버사이즈 옥스포드 반팔 셔츠 [스카이 블루],1,downloaded_images/332.PNG
슈퍼 와이드 히든 밴딩 슬랙스 [미디엄 그레이],2,downloaded_images/333.PNG
오버사이즈 크루 넥 반팔 티셔츠 [블랙],1,downloaded_images/334.PNG
베이식 긴팔 티셔츠 [더스티 크림],1,downloaded_images/335.PNG
원 턱 레귤러 핏 치노 팬츠 [블랙],2,downloaded_images/336.PNG
[쿨탠다드] 릴렉스 핏 크루 넥 반팔 티셔츠 [크림],1,downloaded_images/337.PNG
[정호연 착용] 릴렉스드 데님 트러커 재킷 [크림],0,downloaded_images/338.PNG
우먼즈 베이식 크루 넥 반팔 티셔츠 2팩,1,downloaded_images/339.PNG
우먼즈 와이드 데님 팬츠 [라이트 인디고],2,downloaded_images/340.PNG
폰테 릴렉스 핏 크루 넥 반팔 티셔츠 [블랙],1,downloaded_images/341.PNG
우먼즈 라이트웨이트 스트레이트 히든 밴딩 슬랙스 [블랙],2,downloaded_images/342.PNG
플랫 테리 오버사이즈 스트링 스웨트셔츠 [블랙],1,downloaded_images/343.PNG
테이퍼드 코듀로이 팬츠 [베이지],2,downloaded_images/344.PNG
[그린] 리사이클 투 턱 와이드 히든 밴딩 슬랙스 [블랙],2,downloaded_images/345.PNG
[쿨탠다드] 릴렉스드 슬리브리스 탑 [화이트],1,downloaded_images/346.PNG
우먼즈 플랫 테리 와이드 라운지 스웨트 팬츠 [오트밀],2,downloaded_images/347.PNG
세미 와이드 히든 밴딩 슬랙스 [브라운],2,downloaded_images/348.PNG
[쿨탠다드] 릴렉스드 슬리브리스 탑 [블랙],1,downloaded_images/349.PNG
우먼즈 베이식 크루 넥 반팔 티셔츠 [다크 네이비],1,downloaded_images/350.PNG
릴렉스 핏 크루 넥 반팔 티셔츠 2 [블랙],1,downloaded_images/351.PNG
[쿨탠다드] 릴렉스드 슬리브리스 탑 2팩,1,downloaded_images/352.PNG
우먼즈 캐시미어 블렌드 발마칸 로브 코트 [블랙],0,downloaded_images/353.PNG
리얼 와이드 히든 밴딩 슬랙스 [라이트 베이지],2,downloaded_images/354.PNG
리얼 와이드 벨티드 슬랙스 [미디엄 그레이],2,downloaded_images/355.PNG
라이트웨이트 테이퍼드 히든 밴딩 크롭 슬랙스 [크림],2,downloaded_images/356.PNG
와이드 히든 밴딩 슬랙스 [베이지],2,downloaded_images/357.PNG
와이드 데님 팬츠 [블랙],2,downloaded_images/358.PNG
와이드 히든 밴딩 슬랙스 [크림],2,downloaded_images/359.PNG
와이드 히든 밴딩 슬랙스 [네이비],2,downloaded_images/360.PNG
코튼 와이드 벌룬 팬츠 [카키],2,downloaded_images/361.PNG
폴라 플리스 스웨트 팬츠 [블랙],2,downloaded_images/362.PNG
우먼즈 와이드 히든 밴딩 슬랙스 [그레이],2,downloaded_images/363.PNG
코튼 와이드 벌룬 팬츠 [크림],2,downloaded_images/364.PNG
캐시미어 블렌드 대디 숄더 더블 롱 코트 [블랙],0,downloaded_images/365.PNG
헤비웨이트 오버사이즈 스웨트셔츠 [네이비],1,downloaded_images/366.PNG
크루 넥 7부 티셔츠 [화이트],1,downloaded_images/367.PNG
울 블렌드 오버사이즈 트렌치 코트 [베이지],0,downloaded_images/368.PNG
릴렉스드 코튼 트러커 재킷 [블랙],0,downloaded_images/369.PNG
세미 와이드 히든 밴딩 슬랙스 [라이트 브라운],2,downloaded_images/370.PNG
코튼 와이드 벌룬 팬츠 [블랙],2,downloaded_images/371.PNG
우먼즈 플루이드 슬림 스트레이트 슬랙스 [블랙],2,downloaded_images/372.PNG
우먼즈 와이드 히든 밴딩 슬랙스 [차콜 그레이],2,downloaded_images/373.PNG
와이드 코듀로이 팬츠 [베이지],2,downloaded_images/374.PNG
릴렉스 핏 크루 넥 반팔 티셔츠 [브라운],1,downloaded_images/375.PNG
와이드 스프레드 칼라 드레스 셔츠 [화이트],1,downloaded_images/376.PNG
스트라이프 보트 넥 긴팔 티셔츠 [블랙/아이보리],1,downloaded_images/377.PNG
[쿨탠다드] 테이퍼드 히든 밴딩 크롭 슬랙스 [네이비],2,downloaded_images/378.PNG
세미 와이드 히든 밴딩 슬랙스 [다크 그레이],2,downloaded_images/379.PNG
레귤러 핏 데님 팬츠 [딥 인디고],2,downloaded_images/380.PNG
테이퍼드 히든 밴딩 크롭 슬랙스 [화이트],2,downloaded_images/381.PNG
스트레이트 데님 팬츠 [그레이],2,downloaded_images/382.PNG
루즈 테이퍼드 히든 밴딩 크롭 슬랙스 [블랙],2,downloaded_images/383.PNG
테이퍼드 웨빙 벨트 팬츠 [베이지],2,downloaded_images/384.PNG
와이드 코듀로이 팬츠 [브라운],2,downloaded_images/385.PNG
미니멀 크루 넥 니트 [브라운],1,downloaded_images/386.PNG
베이식 긴팔 티셔츠 [네이비],1,downloaded_images/387.PNG
미니멀 크루 넥 니트 [아보카도],1,downloaded_images/388.PNG
우먼즈 플랫 테리 와이드 라운지 스웨트 팬츠 [다크 그레이],2,downloaded_images/389.PNG
기모 스웨트셔츠 [블랙],1,downloaded_images/390.PNG
우먼즈 하이 웨이스트 와이드 히든 밴딩 슬랙스 [블랙],2,downloaded_images/391.PNG
릴렉스드 슬리브리스 탑 [화이트],1,downloaded_images/392.PNG
우먼즈 플루이드 와이드 슬랙스 [블랙],2,downloaded_images/393.PNG
[프리미엄] 실켓 릴렉스 핏 크루 넥 반팔 티셔츠 [블랙],1,downloaded_images/394.PNG
테이퍼드 히든 밴딩 크롭 슬랙스 [라이트 브라운],2,downloaded_images/395.PNG
[쿨탠다드] 릴렉스드 테이퍼드 히든 밴딩 크롭 슬랙스 [라이트 베이지],2,downloaded_images/396.PNG
레플리카 퍼티그 팬츠 [세이지 그린],2,downloaded_images/397.PNG
폰테 크루 넥 긴팔 티셔츠  [더스티 크림],1,downloaded_images/398.PNG
투 턱 와이드 치노 팬츠 [베이지],2,downloaded_images/399.PNG
우먼즈 기모 스웨트 팬츠 [블랙],2,downloaded_images/400.PNG
라이트 다운 블루종 재킷 [블랙],0,downloaded_images/401.PNG
복서 핏 스웨트 쇼츠 [멜란지 그레이],2,downloaded_images/402.PNG
와이드 히든 밴딩 슬랙스 [라이트 그레이],2,downloaded_images/403.PNG
베이식 옥스포드 셔츠 [블랙],1,downloaded_images/404.PNG
우먼즈 플리스 칼라리스 재킷 [블랙],0,downloaded_images/405.PNG
우먼즈 베이식 슬리브리스 탑 [화이트],1,downloaded_images/406.PNG
나일론 이지 쇼츠_7.5인치 [다크 그레이],2,downloaded_images/407.PNG
기모 후디드 스웨트 집업 [미디엄 그레이],0,downloaded_images/408.PNG
캐롯 히든 밴딩 크롭 슬랙스 [블랙],2,downloaded_images/409.PNG
리얼 와이드 히든 밴딩 슬랙스 [그레이],2,downloaded_images/410.PNG
우먼즈 리얼 와이드 벨티드 슬랙스 [블랙],2,downloaded_images/411.PNG
우먼즈 오버사이즈 블레이저 [차콜 그레이],0,downloaded_images/412.PNG
베이식 긴팔 티셔츠 [멜란지 그레이],1,downloaded_images/413.PNG
플랫 테리 라운지 스웨트 팬츠 [블랙],2,downloaded_images/414.PNG
오픈 칼라 폴로 셔츠 [블랙],1,downloaded_images/415.PNG
크루 넥 긴팔 티셔츠 [크림],1,downloaded_images/416.PNG
우먼즈 헤비웨이트 속기모 스트레이트 히든 밴딩 슬랙스 [블랙],2,downloaded_images/417.PNG
우먼즈 오버사이즈 블레이저 [더스티 베이지],0,downloaded_images/418.PNG
유틸리티 쇼츠 [브릭 오렌지],2,downloaded_images/419.PNG
치노 쇼츠 [크림],2,downloaded_images/420.PNG
[프리미엄] 실켓 릴렉스 핏 크루 넥 반팔 티셔츠 [화이트],1,downloaded_images/421.PNG
릴렉스 핏 크루 넥 반팔 티셔츠 [버건디],1,downloaded_images/422.PNG
스트레이트 데님 팬츠 [딥 인디고],2,downloaded_images/423.PNG
[쿨탠다드] 테이퍼드 히든 밴딩 크롭 슬랙스 [다크 그레이],2,downloaded_images/424.PNG
[쿨탠다드] 크루 넥 긴팔 티셔츠 2팩,1,downloaded_images/425.PNG
미니멀 크루 넥 니트 [크림],1,downloaded_images/426.PNG
원 턱 레귤러 핏 치노 팬츠 [크림],2,downloaded_images/427.PNG
브이넥 라이트 다운 베스트 [베이지],0,downloaded_images/428.PNG
와이드 레플리카 퍼티그 팬츠 [카키],2,downloaded_images/429.PNG
릴렉스 핏 크루 넥 반팔 티셔츠 [오렌지],1,downloaded_images/430.PNG
[쿨탠다드] 세미 와이드 히든 밴딩 슬랙스 [라이트 베이지],2,downloaded_images/431.PNG
리얼 와이드 벨티드 슬랙스 [더스티 베이지],2,downloaded_images/432.PNG
릴렉스드 테이퍼드 히든 밴딩 크롭 슬랙스 [차콜 그레이],2,downloaded_images/433.PNG
릴렉스 핏 크루 넥 반팔 티셔츠 [퍼플],1,downloaded_images/434.PNG
라이트웨이트 세미 와이드 히든 밴딩 슬랙스 [차콜 그레이],2,downloaded_images/435.PNG
폰테 크루 넥 긴팔 티셔츠 [다크 브라운],1,downloaded_images/436.PNG
베이식 긴팔 티셔츠 [그레이쉬 블루],1,downloaded_images/437.PNG
스트라이프 릴렉스드 크루 넥 반팔 티셔츠 [블랙],1,downloaded_images/438.PNG
와이드 히든 밴딩 슬랙스 [다크 브라운],2,downloaded_images/439.PNG
[쿨탠다드] 스트레이트 데님 팬츠 [라이트 인디고],2,downloaded_images/440.PNG
스웨트 팬츠 [멜란지 라이트 그레이],2,downloaded_images/441.PNG
[프리미엄] 구스 다운 푸퍼 숏 패딩 재킷 [블랙],0,downloaded_images/442.PNG
유틸리티 쇼츠 [머스터드],2,downloaded_images/443.PNG
베이식 긴팔 티셔츠 [피콕 블루],1,downloaded_images/444.PNG
[쿨탠다드] 오버사이즈 크루 넥 반팔 티셔츠 [블랙],1,downloaded_images/445.PNG
레이어드 크루 넥 반팔 티셔츠_긴 기장 [블랙],1,downloaded_images/446.PNG
코튼 린넨 와이드 이지 팬츠 [블랙],2,downloaded_images/447.PNG
우먼즈 텐셀 슬림 터틀 넥 티셔츠 [크림],1,downloaded_images/448.PNG
브이넥 라이트 다운 베스트 [네이비],0,downloaded_images/449.PNG
베이식 블레이저 [더스티 베이지],0,downloaded_images/450.PNG
릴렉스드 테이퍼드 히든 밴딩 크롭 슬랙스 [네이비],2,downloaded_images/451.PNG
우먼즈 릴렉스드 크루 넥 긴팔 티셔츠 [크림],1,downloaded_images/452.PNG
우먼즈 리브드 슬림 터틀 넥 니트 [블랙],1,downloaded_images/453.PNG
슈퍼 와이드 히든 밴딩 슬랙스[더스티 베이지],2,downloaded_images/454.PNG
라이트웨이트 와이드 히든 밴딩 슬랙스 [라이트 베이지],2,downloaded_images/455.PNG
릴렉스 핏 실키 셔츠 [다크 그레이],1,downloaded_images/456.PNG
레플리카 퍼티그 팬츠 [베이지],2,downloaded_images/457.PNG
레이어드 크루 넥 반팔 티셔츠_일반 기장 [블랙],1,downloaded_images/458.PNG
세미 와이드 히든 밴딩 슬랙스 [다크 브라운],2,downloaded_images/459.PNG
우먼즈 플랫 테리 와이드 라운지 스웨트 팬츠 [멜란지 라이트 그레이],2,downloaded_images/460.PNG
[쿨탠다드] 쿨링 딥 턱 와이드 밴딩 팬츠 [블랙],2,downloaded_images/461.PNG
우먼즈 크루 넥 크롭 반팔 티셔츠 [크림],1,downloaded_images/462.PNG
[쿨탠다드] 우먼즈 크루 넥 크롭 반팔 티셔츠 [화이트],1,downloaded_images/463.PNG
우먼즈 후디드 스웨트 집업 [미디엄 그레이],0,downloaded_images/464.PNG
우먼즈 스웨트 팬츠 [오트밀],2,downloaded_images/465.PNG
나일론 이지 쇼츠_7.5인치 [라이트 그레이],2,downloaded_images/466.PNG
릴렉스 핏 크루 넥 반팔 티셔츠 [멜란지 그레이],1,downloaded_images/467.PNG
나일론 이지 쇼츠_5.5인치 [라이트 그레이],2,downloaded_images/468.PNG
헤비웨이트 릴렉스드 크루 넥 긴팔 티셔츠 [블랙],1,downloaded_images/469.PNG
플리츠 와이드 밴딩 팬츠 [블랙],2,downloaded_images/470.PNG
와이드 치노 팬츠 [카키],2,downloaded_images/471.PNG
나일론 이지 쇼츠_7.5인치 [딥 카키],2,downloaded_images/472.PNG
[쿨탠다드] 테이퍼드 히든 밴딩 크롭 슬랙스 [라이트 그레이],2,downloaded_images/473.PNG
램스울 브이 넥 니트 베스트 [블랙],1,downloaded_images/474.PNG
릴렉스드 테이퍼드 히든 밴딩 크롭 슬랙스 [더스티 베이지],2,downloaded_images/475.PNG
우먼즈 베이식 크루 넥 반팔 티셔츠 [다크 그레이],1,downloaded_images/476.PNG
[쿨탠다드] 릴렉스 핏 피케 폴로 셔츠 [블랙],1,downloaded_images/477.PNG
베이식 크루 넥 반팔 티셔츠 [오트밀],1,downloaded_images/478.PNG
라이트웨이트 릴렉스드 테이퍼드 히든 밴딩 크롭 슬랙스 [블랙],2,downloaded_images/479.PNG
치노 쇼츠 [블랙],2,downloaded_images/480.PNG
우먼즈 베이식 슬리브리스 탑 [블랙],1,downloaded_images/481.PNG
원 턱 레귤러 핏 치노 팬츠 [카키],2,downloaded_images/482.PNG
크루 넥 긴팔 티셔츠 [다크 그레이],1,downloaded_images/483.PNG
오버사이즈 옥스포드 반팔 셔츠 [화이트],1,downloaded_images/484.PNG
릴렉스드 슬리브리스 탑 [블랙],1,downloaded_images/485.PNG
샤기 플리스 집업 재킷 [크림],0,downloaded_images/486.PNG
세미 와이드 슬릿 히든 밴딩 슬랙스 [더스티 베이지],2,downloaded_images/487.PNG
릴렉스드 미니멀 재킷_논 포켓 [라이트 베이지],0,downloaded_images/488.PNG
헤비웨이트 속기모 테이퍼드 히든 밴딩 10부 슬랙스 [미디엄 그레이],2,downloaded_images/489.PNG
[쿨탠다드] 와이드 히든 밴딩 슬랙스 [라이트 베이지],2,downloaded_images/490.PNG
릴렉스드 베이식 블레이저 [라이트 베이지],0,downloaded_images/491.PNG
우먼즈 텐셀 슬림 터틀 넥 티셔츠 [블랙],1,downloaded_images/492.PNG
스트라이프 보트 넥 긴팔 티셔츠 [아이보리/네이비],1,downloaded_images/493.PNG
테이퍼드 히든 밴딩 10부 슬랙스 [차콜 그레이],2,downloaded_images/494.PNG
레귤러 핏 데님 팬츠 [스카이 블루],2,downloaded_images/495.PNG
히든 버튼 드레스 셔츠 [화이트],1,downloaded_images/496.PNG
릴렉스 핏 실키 셔츠 [라이트 베이지],1,downloaded_images/497.PNG
[쿨탠다드] 쿨링 조거 팬츠 [블랙],2,downloaded_images/498.PNG
테이퍼드 히든 밴딩 10부 슬랙스 [미디엄 그레이],2,downloaded_images/499.PNG
우먼즈 스트링 슬리브리스 탑 2팩,1,downloaded_images/500.PNG
유틸리티 라운지 팬츠 [블랙],2,downloaded_images/501.PNG
우먼즈 스트레이트 데님 팬츠 [화이트],2,downloaded_images/502.PNG
오버사이즈 디태처블 후드 MA-1 보머 재킷 [블랙],0,downloaded_images/503.PNG
크루 넥 긴팔 티셔츠 [네이비],1,downloaded_images/504.PNG
베이식 피케 폴로 셔츠 [네이비],1,downloaded_images/505.PNG
라이트웨이트 테이퍼드 치노 팬츠 [라이트 그레이],2,downloaded_images/506.PNG
[쿨탠다드] 우먼즈 크루 넥 크롭 반팔 티셔츠 [블랙],1,downloaded_images/507.PNG
롱 슬리브 피케 폴로 셔츠 [블랙],1,downloaded_images/508.PNG
라이트웨이트 코튼 와이드 이지 팬츠 [베이지],2,downloaded_images/509.PNG
플랫 테리 라운지 스웨트 팬츠 [미디엄 그레이],2,downloaded_images/510.PNG
우먼즈 스트레이트 데님 팬츠 [미디엄 인디고],2,downloaded_images/511.PNG
우먼즈 크롭 후디드 스웨트 집업 [미디엄 그레이],0,downloaded_images/512.PNG
릴렉스 핏 크루 넥 포켓 반팔 티셔츠 [카키],1,downloaded_images/513.PNG
우먼즈 릴렉스드 스웨트 팬츠 [미디엄 그레이],2,downloaded_images/514.PNG
[쿨탠다드] 우먼즈 와이드 히든 밴딩 슬랙스 [블랙],2,downloaded_images/515.PNG
울 블렌드 오버사이즈 싱글 트렌치 코트 [베이지],0,downloaded_images/516.PNG
오버사이즈 블레이저 [차콜 그레이],0,downloaded_images/517.PNG
라이트웨이트 테이퍼드 히든 밴딩 크롭 슬랙스 [베이지],2,downloaded_images/518.PNG
코튼 린넨 와이드 이지 팬츠 [베이지],2,downloaded_images/519.PNG
우먼즈 크롭 블레이저 [블랙],0,downloaded_images/520.PNG
라이트웨이트 베이식 블레이저 [차콜 그레이],0,downloaded_images/521.PNG
폰테 터틀 넥 긴팔 티셔츠 [크림],1,downloaded_images/522.PNG
우먼즈 스트레이트 데님 팬츠 [라이트 인디고],2,downloaded_images/523.PNG
다운 푸퍼 숏 패딩 재킷 [더스티 베이지],0,downloaded_images/524.PNG
릴렉스 핏 옥스포드 셔츠 [네이비],1,downloaded_images/525.PNG
레귤러 핏 코듀로이 팬츠 [다크 브라운],2,downloaded_images/526.PNG
우먼즈 더블 니트 투 턱 와이드 라운지 스웨트 팬츠 [미디엄 그레이],2,downloaded_images/527.PNG
라이트웨이트 코튼 와이드 이지 팬츠 [블랙],2,downloaded_images/528.PNG
라이트웨이트 릴렉스드 베이식 블레이저 [블랙],0,downloaded_images/529.PNG
테이퍼드 히든 밴딩 크롭 슬랙스 [블루 그레이],2,downloaded_images/530.PNG
코튼 린넨 테이퍼드 이지 팬츠 [카키],2,downloaded_images/531.PNG
코튼 린넨 테이퍼드 이지 팬츠 [라이트 카키],2,downloaded_images/532.PNG
우먼즈 웨이스트밴들리스 와이드 슬랙스 [더스티 베이지],2,downloaded_images/533.PNG
와이드 코듀로이 팬츠 [라이트 베이지],2,downloaded_images/534.PNG
램스울 리브드 브이 넥 니트 [미디엄 그레이],1,downloaded_images/535.PNG
우먼즈 플루이드 세미 부츠 컷 슬랙스 [블랙],2,downloaded_images/536.PNG
와이드 히든 밴딩 크롭 슬랙스 [미디엄 그레이],2,downloaded_images/537.PNG
레이어드 크루 넥 긴팔 티셔츠_긴 기장 2팩,1,downloaded_images/538.PNG
크루 넥 7부 티셔츠 [다크 베이지],1,downloaded_images/539.PNG
후디드 스웨트 집업_짧은 길이 [블랙],0,downloaded_images/540.PNG
치노 쇼츠 [베이지],2,downloaded_images/541.PNG
우먼즈 헤비웨이트 속기모 와이드 히든 밴딩 슬랙스 [블랙],2,downloaded_images/542.PNG
메리노 울 블렌드 하이게이지 터틀 넥 니트 [블랙],1,downloaded_images/543.PNG
베이식 블레이저 [라이트 베이지],0,downloaded_images/544.PNG
라운지 스웨트 팬츠 [오트밀],2,downloaded_images/545.PNG
라이트웨이트 베이식 블레이저 [네이비],0,downloaded_images/546.PNG
오버사이즈 하프 집업 스웨트셔츠 [블랙],1,downloaded_images/547.PNG
[프리미엄] KIPAS 스트레이트 데님 팬츠 [라이트 인디고],2,downloaded_images/548.PNG
우먼즈 기모 스웨트 팬츠 [미디엄 그레이],2,downloaded_images/549.PNG
헤비웨이트 속기모 와이드 히든 밴딩 슬랙스 [미디엄 그레이],2,downloaded_images/550.PNG
릴렉스드 미니멀 재킷 [라이트 베이지],0,downloaded_images/551.PNG
우먼즈 기모 릴렉스드 라운지 스웨트 팬츠 [블랙],2,downloaded_images/552.PNG
세미 부츠 컷 히든 밴딩 슬랙스 [블랙],2,downloaded_images/553.PNG
우먼즈 와이드 히든 밴딩 슬랙스 [더스티 베이지],2,downloaded_images/554.PNG
우먼즈 스트레이트 데님 팬츠 [블랙],2,downloaded_images/555.PNG
오픈 칼라 쇼트 슬리브 셔츠 [블랙],1,downloaded_images/556.PNG
스웨트셔츠 [다크 브라운],1,downloaded_images/557.PNG
린넨 라이크 와이드 데님 팬츠 [딥 인디고],2,downloaded_images/558.PNG
우먼즈 릴렉스드 스웨트 팬츠 [블랙],2,downloaded_images/559.PNG
우먼즈 릴렉스 핏 크루 넥 반팔 티셔츠 [블랙],1,downloaded_images/560.PNG
미니멀 가디건 [미디엄 그레이],0,downloaded_images/561.PNG
[프리미엄] CALIK 스트레이트 데님 팬츠 [워시드 블랙],2,downloaded_images/562.PNG
우먼즈 와이드 데님 팬츠 [미디엄 인디고],2,downloaded_images/563.PNG
[프리미엄] 구스 다운 푸퍼 숏 패딩 재킷 [라이트 그레이],0,downloaded_images/564.PNG
플랫 테리 스웨트 쇼츠 [미디엄 그레이],2,downloaded_images/565.PNG
와이드 히든 밴딩 슬랙스 [더스티 크림],2,downloaded_images/566.PNG
우먼즈 오버사이즈 실키 셔츠 [화이트],1,downloaded_images/567.PNG
[쿨탠다드] 세미 와이드 히든 밴딩 슬랙스 [다크 그레이],2,downloaded_images/568.PNG
크루 넥 긴팔 티셔츠 [브라운],1,downloaded_images/569.PNG
우먼즈 슬림 크롭 크루 넥 반팔 티셔츠 [화이트],1,downloaded_images/570.PNG
우먼즈 오버사이즈 블레이저 [그레이],0,downloaded_images/571.PNG
베이식 피케 폴로 셔츠 [화이트],1,downloaded_images/572.PNG
[그린] 리사이클 원 턱 릴렉스드 테이퍼드 히든 밴딩 크롭 슬랙스 [미디엄 그레이],2,downloaded_images/573.PNG
리얼 와이드 히든 밴딩 슬랙스 [다크 브라운],2,downloaded_images/574.PNG
[프리미엄] KIPAS 스트레이트 데님 팬츠 [미디엄 인디고],2,downloaded_images/575.PNG
라이트웨이트 세미 와이드 히든 밴딩 슬랙스 [라이트 그레이],2,downloaded_images/576.PNG
베이식 크루 넥 반팔 티셔츠 [네이비],1,downloaded_images/577.PNG
[쿨탠다드] 테이퍼드 히든 밴딩 크롭 슬랙스 [더스티 베이지],2,downloaded_images/578.PNG
레귤러 핏 코듀로이 팬츠 [라이트 베이지],2,downloaded_images/579.PNG
우먼즈 와이드 히든 밴딩 슬랙스 [미디엄 그레이],2,downloaded_images/580.PNG
라이트웨이트 테이퍼드 히든 밴딩 크롭 슬랙스 [더스티 베이지],2,downloaded_images/581.PNG
와이드 코듀로이 팬츠 [더스티 카키],2,downloaded_images/582.PNG
우먼즈 배기 테이퍼드 히든 밴딩 슬랙스 [블랙],2,downloaded_images/583.PNG
오버사이즈 옥스포드 셔츠 [그레이],1,downloaded_images/584.PNG
우먼즈 리브드 슬림 핏 긴팔 티셔츠 [블랙],1,downloaded_images/585.PNG
레이어드 슬리브리스 탑_긴 기장 2팩,1,downloaded_images/586.PNG
[쿨탠다드] 오버사이즈 크루 넥 반팔 티셔츠 [화이트],1,downloaded_images/587.PNG
스웨트셔츠 [다크 그레이],1,downloaded_images/588.PNG
[쿨탠다드] 오버사이즈 크루 넥 반팔 티셔츠 2팩,1,downloaded_images/589.PNG
기모 후디드 스웨트셔츠 [미디엄 그레이],1,downloaded_images/590.PNG
헤비웨이트 속기모 리얼 와이드 히든 밴딩 슬랙스 [블랙],2,downloaded_images/591.PNG
테이퍼드 히든 밴딩 10부 슬랙스 [네이비],2,downloaded_images/592.PNG
크루 넥 긴팔 티셔츠 [그레이쉬 블루],1,downloaded_images/593.PNG
릴렉스 핏 실키 셔츠 [다크 브라운],1,downloaded_images/594.PNG
오픈 칼라 쇼트 슬리브 셔츠 [네이비],1,downloaded_images/595.PNG
코튼 구르카 팬츠 [베이지],2,downloaded_images/596.PNG
우먼즈 캐시미어 블렌드 더블 체스터 롱 코트 [블랙],0,downloaded_images/597.PNG
레귤러 핏 치노 팬츠 [카키],2,downloaded_images/598.PNG
[쿨탠다드] 와이드 히든 밴딩 슬랙스 [그레이],2,downloaded_images/599.PNG
더블 니트 투 턱 와이드 라운지 스웨트 팬츠 [미디엄 그레이],2,downloaded_images/600.PNG
우먼즈 리브드 슬림 터틀 넥 니트 [아이보리],1,downloaded_images/601.PNG
크루 넥 긴팔 티셔츠 [아보카도],1,downloaded_images/602.PNG
나일론 이지 쇼츠_5.5인치 [베이지],2,downloaded_images/603.PNG
BDU 재킷 [블랙],0,downloaded_images/604.PNG
와이드 히든 밴딩 슬랙스 [라이트 브라운],2,downloaded_images/605.PNG
라이트웨이트 세미 와이드 히든 밴딩 슬랙스 [크림],2,downloaded_images/606.PNG
세미 와이드 히든 밴딩 슬랙스 [더스티 크림],2,downloaded_images/607.PNG
코튼 와이드 벌룬 팬츠 [다크 그레이],2,downloaded_images/608.PNG
피시테일 파카 [블랙],0,downloaded_images/609.PNG
램스울 오버사이즈 가디건 [블랙],0,downloaded_images/610.PNG
우먼즈 기모 스웨트 팬츠 [오트밀],2,downloaded_images/611.PNG
베이식 긴팔 티셔츠 [차콜 그레이],1,downloaded_images/612.PNG
우먼즈 슬래쉬 루즈 스트레이트 데님 팬츠 [워시드 블랙],2,downloaded_images/613.PNG
우먼즈 플렉서블 크루 넥 긴팔 티셔츠 [화이트],1,downloaded_images/614.PNG
나일론 이지 쇼츠_5.5인치 [다크 그레이],2,downloaded_images/615.PNG
원 턱 레귤러 핏 치노 팬츠 [다크 그레이],2,downloaded_images/616.PNG
스트레이트 히든 밴딩 슬랙스 [미디엄 그레이],2,downloaded_images/617.PNG
오버사이즈 칼라드 스웨트셔츠 [블랙],1,downloaded_images/618.PNG
[쿨탠다드] 세미 와이드 히든 밴딩 슬랙스 [네이비],2,downloaded_images/619.PNG
테이퍼드 히든 밴딩 크롭 슬랙스 [더스티 카키],2,downloaded_images/620.PNG
크루 넥 긴팔 티셔츠 [멜란지 그레이],1,downloaded_images/621.PNG
캐시미어 블렌드 오버사이즈 싱글 코트 [네이비],0,downloaded_images/622.PNG
슬릿 넥 피케 폴로 셔츠 [네이비],1,downloaded_images/623.PNG
[쿨탠다드] 우먼즈 스트레이트 히든 밴딩 슬랙스 [블랙],2,downloaded_images/624.PNG
오버사이즈 옥스포드 셔츠 [스카이 블루],1,downloaded_images/625.PNG
[쿨탠다드] 릴렉스 핏 크루 넥 반팔 티셔츠 [미디엄 그레이],1,downloaded_images/626.PNG
베이식 크루 넥 반팔 티셔츠 [멜란지 그레이],1,downloaded_images/627.PNG
우먼즈 릴렉스드 크루 넥 긴팔 티셔츠 2팩,1,downloaded_images/628.PNG
투 턱 와이드 데님 팬츠 [크림],2,downloaded_images/629.PNG
[쿨탠다드] 와이드 히든 밴딩 슬랙스 [더스티 베이지],2,downloaded_images/630.PNG
세미 와이드 히든 밴딩 슬랙스 [핑크 베이지],2,downloaded_images/631.PNG
라이트웨이트 리얼 와이드 히든 밴딩 슬랙스 [라이트 베이지],2,downloaded_images/632.PNG
우먼즈 스웨트 쇼츠 [블랙],2,downloaded_images/633.PNG
크루 넥 긴팔 티셔츠 [카키],1,downloaded_images/634.PNG
레귤러 핏 코듀로이 팬츠 [더스티 카키],2,downloaded_images/635.PNG
원 턱 레귤러 핏 치노 팬츠 [라이트 베이지],2,downloaded_images/636.PNG
라운지 스웨트 팬츠 [다크 그레이],2,downloaded_images/637.PNG
베이식 크루 넥 반팔 티셔츠 [크림],1,downloaded_images/638.PNG
우먼즈 릴렉스드 라운지 스웨트 팬츠 [다크 그레이],2,downloaded_images/639.PNG
테이퍼드 턴업 히든 밴딩 크롭 슬랙스 [블랙],2,downloaded_images/640.PNG
베이식 긴팔 티셔츠 [세룰리안 블루],1,downloaded_images/641.PNG
라이트웨이트 세미 와이드 히든 밴딩 슬랙스 [더스티 베이지],2,downloaded_images/642.PNG
테이퍼드 치노 팬츠 [다크 그레이],2,downloaded_images/643.PNG
라이트웨이트 와이드 드로스트링 밴딩 하프 슬랙스 [블랙],2,downloaded_images/644.PNG
[쿨탠다드] 세미 와이드 히든 밴딩 슬랙스 [더스티 베이지],2,downloaded_images/645.PNG
릴렉스 핏 크루 넥 반팔 티셔츠 [오트밀],1,downloaded_images/646.PNG
나일론 이지 쇼츠_5.5인치 [애쉬 그레이],2,downloaded_images/647.PNG
우먼즈 슬래쉬 루즈 스트레이트 데님 팬츠 [라이트 인디고],2,downloaded_images/648.PNG
스웨트 팬츠 [오트밀],2,downloaded_images/649.PNG
세미 와이드 슬릿 히든 밴딩 슬랙스 [라이트 베이지],2,downloaded_images/650.PNG
수피마 릴렉스드 크루 넥 반팔 티셔츠 [화이트],1,downloaded_images/651.PNG
라운지 스웨트 팬츠 [네이비],2,downloaded_images/652.PNG
미니멀 크루 넥 니트 [머쉬룸],1,downloaded_images/653.PNG
베이식 긴팔 티셔츠 [블루],1,downloaded_images/654.PNG
우먼즈 리브드 슬림 핏 반팔 티셔츠 [화이트],1,downloaded_images/655.PNG
와이드 코듀로이 팬츠 [다크 그레이],2,downloaded_images/656.PNG
헤비웨이트 속기모 테이퍼드 히든 밴딩 10부 슬랙스 [차콜 그레이],2,downloaded_images/657.PNG
라이트웨이트 루즈 테이퍼드 히든 밴딩 크롭 슬랙스 [블랙],2,downloaded_images/658.PNG
라이트웨이트 세미 와이드 히든 밴딩 슬랙스 [네이비],2,downloaded_images/659.PNG
[그린] 리사이클 투 턱 와이드 히든 밴딩 슬랙스 [미디엄 그레이],2,downloaded_images/660.PNG
오버사이즈 더블 브레스티드 블레이저 [블랙],0,downloaded_images/661.PNG
우먼즈 리브드 슬림 핏 반팔 티셔츠 [블랙],1,downloaded_images/662.PNG
스웨트셔츠 [차콜 그레이],1,downloaded_images/663.PNG
[프리미엄] 캐시미어 20 오버사이즈 싱글 코트 [블랙],0,downloaded_images/664.PNG
[쿨탠다드] 히든 밴딩 하프 슬랙스 [블랙],2,downloaded_images/665.PNG
브이넥 라이트 다운 베스트 [그레이],0,downloaded_images/666.PNG
테이퍼드 히든 밴딩 10부 슬랙스 [더스티 베이지],2,downloaded_images/667.PNG
우먼즈 캐시미어 블렌드 핸드메이드 발마칸 로브 코트 [블랙],0,downloaded_images/668.PNG
미니멀 크루 넥 니트 [더스티 블루],1,downloaded_images/669.PNG
유틸리티 쇼츠 [그레이쉬 블루],2,downloaded_images/670.PNG
우먼즈 스웨트 팬츠 [에그렛],2,downloaded_images/671.PNG
헤비웨이트 오버사이즈 스웨트셔츠 [더스티 카키],1,downloaded_images/672.PNG
코튼 유틸리티 카고 조거 팬츠 [블랙],2,downloaded_images/673.PNG
레이어드 슬리브리스 탑_긴 기장 [블랙],1,downloaded_images/674.PNG
피그먼트 스웨트 쇼츠 [다크 그레이],2,downloaded_images/675.PNG
캐시미어 블렌드 오버사이즈 핸드메이드 로브 코트 [블랙],0,downloaded_images/676.PNG
우먼즈 플랫 테리 와이드 라운지 스웨트 팬츠 [에그렛],2,downloaded_images/677.PNG
[프리미엄] CALIK 스트레이트 데님 팬츠 [크림],2,downloaded_images/678.PNG
[쿨탠다드] 릴렉스 핏 크루 넥 반팔 티셔츠 [머쉬룸],1,downloaded_images/679.PNG
릴렉스 핏 크루 넥 스트링 반팔 티셔츠 [블랙],1,downloaded_images/680.PNG
쓰리 턱 세미 벌룬 슬랙스 [차콜 그레이],2,downloaded_images/681.PNG
코튼 오버사이즈 맥 코트 [블랙],0,downloaded_images/682.PNG
오버사이즈 3버튼 블레이저 [블랙],0,downloaded_images/683.PNG
트랜스폼 라운드 넥 라이트 다운 재킷 [차콜 그레이],0,downloaded_images/684.PNG
원 턱 루즈 테이퍼드 데님 팬츠 [딥 인디고],2,downloaded_images/685.PNG
릴렉스 핏 크루 넥 반팔 티셔츠 [라벤더],1,downloaded_images/686.PNG
우먼즈 스트레이트 히든 밴딩 슬랙스 [블랙],2,downloaded_images/687.PNG
우먼즈 크루 넥 크롭 긴팔 티셔츠 [화이트],1,downloaded_images/688.PNG
테이퍼드 히든 밴딩 10부 슬랙스 [라이트 베이지],2,downloaded_images/689.PNG
우먼즈 나일론 밴딩 쇼츠 [블랙],2,downloaded_images/690.PNG
헤비웨이트 오버사이즈 스웨트셔츠 [다크 그레이],1,downloaded_images/691.PNG
테이퍼드 히든 밴딩 크롭 슬랙스 [더스티 크림],2,downloaded_images/692.PNG
램스울 리브드 브이 넥 니트 [블랙],1,downloaded_images/693.PNG
라이트웨이트 테이퍼드 치노 팬츠 [베이지],2,downloaded_images/694.PNG
슬릿 넥 피케 폴로 셔츠 [화이트],1,downloaded_images/695.PNG
유틸리티 쇼츠 [올리브 그린],2,downloaded_images/696.PNG
데일리 푸퍼 리버서블 플리스 숏 패딩 재킷 [블랙/크림],0,downloaded_images/697.PNG
아웃 포켓 다운 숏 패딩 재킷 [블랙],0,downloaded_images/698.PNG
헤비웨이트 속기모 테이퍼드 히든 밴딩 10부 슬랙스 [더스티 베이지],2,downloaded_images/699.PNG
세미 와이드 슬릿 히든 밴딩 슬랙스 [차콜 그레이],2,downloaded_images/700.PNG
스웨트셔츠 [더스티 블루],1,downloaded_images/701.PNG
크루 넥 7부 티셔츠 [네이비],1,downloaded_images/702.PNG
오버사이즈 포플린 반팔 셔츠 [라이트 웜 그레이],1,downloaded_images/703.PNG
베이식 긴팔 티셔츠 [카키],1,downloaded_images/704.PNG
[프리미엄] KIPAS 스트레이트 데님 팬츠 [딥 인디고],2,downloaded_images/705.PNG
우먼즈 라이트웨이트 하이 웨이스트 와이드 히든 밴딩 슬랙스 [그레이],2,downloaded_images/706.PNG
실버 폭스 롱 다운 파카 [블랙],0,downloaded_images/707.PNG
릴렉스드 데님 트러커 재킷 2 [딥 인디고],0,downloaded_images/708.PNG
우먼즈 와이드 데님 팬츠 [크림],2,downloaded_images/709.PNG
베이식 피케 폴로 셔츠 [머쉬룸],1,downloaded_images/710.PNG
[쿨탠다드] 피케 폴로 셔츠 [화이트],1,downloaded_images/711.PNG
우먼즈 텐셀 실키 긴팔 티셔츠 [화이트],1,downloaded_images/712.PNG
슬림 핏 데님 팬츠 [딥 인디고],2,downloaded_images/713.PNG
우먼즈 웨이스트밴들리스 와이드 슬랙스 [라이트 베이지],2,downloaded_images/714.PNG
릴렉스 핏 옥스포드 셔츠 [크림],1,downloaded_images/715.PNG
테이퍼드 구르카 슬랙스 [블랙],2,downloaded_images/716.PNG
라이트웨이트 테이퍼드 히든 밴딩 크롭 슬랙스 [다크 그레이],2,downloaded_images/717.PNG
레귤러 핏 코듀로이 팬츠 [라이트 브라운],2,downloaded_images/718.PNG
우먼즈 트랜스폼 라운드 넥 라이트 다운 베스트 [아이보리],0,downloaded_images/719.PNG
샤기 플리스 집업 재킷 [다크 그레이],0,downloaded_images/720.PNG
우먼즈 와이드 카고 팬츠 [블랙],2,downloaded_images/721.PNG
오버사이즈 리브드 크루 넥 니트 [미디엄 그레이],1,downloaded_images/722.PNG
우먼즈 웨이스트밴들리스 와이드 슬랙스 [차콜 그레이],2,downloaded_images/723.PNG
릴렉스드 테이퍼드 히든 밴딩 크롭 슬랙스 [라이트 그레이],2,downloaded_images/724.PNG
코튼 린넨 이지 쇼츠 [라이트 그레이],2,downloaded_images/725.PNG
와이드 핏 치노 쇼츠 [크림],2,downloaded_images/726.PNG
나일론 이지 쇼츠_5.5인치 [딥 카키],2,downloaded_images/727.PNG
와이드 치노 팬츠 [다크 그레이],2,downloaded_images/728.PNG
복서 핏 스웨트 쇼츠 [블랙],2,downloaded_images/729.PNG
베이식 긴팔 티셔츠 [쿨 그레이],1,downloaded_images/730.PNG
우먼즈 릴렉스드 스웨트 팬츠 [오트밀],2,downloaded_images/731.PNG
우먼즈 리브드 슬림 핏 긴팔 티셔츠 [화이트],1,downloaded_images/732.PNG
레이어드 슬리브리스 탑_일반 기장 [블랙],1,downloaded_images/733.PNG
커브드 와이드 치노 팬츠 [베이지],2,downloaded_images/734.PNG
[쿨탠다드] 피케 폴로 셔츠 [네이비],1,downloaded_images/735.PNG
오버사이즈 옥스포드 반팔 셔츠 [그레이],1,downloaded_images/736.PNG
우먼즈 캐시미어 블렌드 핸드메이드 로브 코트 [블랙],0,downloaded_images/737.PNG
베이식 크루 넥 반팔 티셔츠 [라이트 브라운],1,downloaded_images/738.PNG
베이식 드레스 셔츠 [스카이 블루],1,downloaded_images/739.PNG
오버사이즈 포플린 셔츠 [화이트],1,downloaded_images/740.PNG
베이식 긴팔 티셔츠 [라이트 카키],1,downloaded_images/741.PNG
쓰리 턱 세미 벌룬 슬랙스 [그레이],2,downloaded_images/742.PNG
와이드 치노 팬츠 [라이트 브라운],2,downloaded_images/743.PNG
세미 와이드 슬릿 히든 밴딩 슬랙스 [다크 그레이],2,downloaded_images/744.PNG
우먼즈 오버사이즈 블레이저 [미디엄 그레이],0,downloaded_images/745.PNG
우먼즈 베이식 크루 넥 반팔 티셔츠 [미디엄 그레이],1,downloaded_images/746.PNG
크루 넥 긴팔 티셔츠 [애쉬 그레이],1,downloaded_images/747.PNG
와이드 히든 밴딩 슬랙스 [화이트],2,downloaded_images/748.PNG
와이드 히든 밴딩 슬랙스 [라이트 카키],2,downloaded_images/749.PNG
와이드 코듀로이 팬츠 [다크 브라운],2,downloaded_images/750.PNG
와이드 히든 밴딩 크롭 슬랙스 [더스티 베이지],2,downloaded_images/751.PNG
대디 숄더 오버사이즈 블레이저 [미디엄 그레이],0,downloaded_images/752.PNG
우먼즈 스트레이트 데님 팬츠 [그레이],2,downloaded_images/753.PNG
우먼즈 더블 니트 투 턱 와이드 라운지 스웨트 팬츠 [블랙],2,downloaded_images/754.PNG
우먼즈 웨이스트밴들리스 와이드 슬랙스 [미디엄 그레이],2,downloaded_images/755.PNG
베이식 긴팔 티셔츠 [스모크 핑크],1,downloaded_images/756.PNG
세미 와이드 히든 밴딩 슬랙스 [블루 그레이],2,downloaded_images/757.PNG
핀스트라이프 테이퍼드 히든 밴딩 크롭 슬랙스 [블랙],2,downloaded_images/758.PNG
베이식 피케 폴로 셔츠 [더스티 베이지],1,downloaded_images/759.PNG
릴렉스 핏 크루 넥 반팔 티셔츠 [세룰리안 블루],1,downloaded_images/760.PNG
퍼티그 쇼츠 [블랙],2,downloaded_images/761.PNG
오버사이즈 옥스포드 셔츠 [블랙],1,downloaded_images/762.PNG
미니멀 크루 넥 니트 [네이비],1,downloaded_images/763.PNG
코튼 린넨 이지 쇼츠 [더스티 카키],2,downloaded_images/764.PNG
[쿨탠다드] 원 턱 와이드 밴딩 슬랙스 [블랙],2,downloaded_images/765.PNG
슈퍼 와이드 스트링 슬랙스 [블랙],2,downloaded_images/766.PNG
코튼 리브드 크루 넥 니트 [미디엄 그레이],1,downloaded_images/767.PNG
테이퍼드 히든 밴딩 10부 슬랙스 [그레이],2,downloaded_images/768.PNG
오버사이즈 크루 넥 반팔 티셔츠 2팩,1,downloaded_images/769.PNG
릴렉스드 테이퍼드 히든 밴딩 크롭 슬랙스 [그레이],2,downloaded_images/770.PNG
릴렉스 핏 피케 폴로 셔츠 [네이비],1,downloaded_images/771.PNG
미니멀 가디건 [네이비],0,downloaded_images/772.PNG
베이식 긴팔 티셔츠 [머스터드],1,downloaded_images/773.PNG
스트라이프 오버사이즈 옥스포드 반팔 셔츠  [그레이 스트라이프],1,downloaded_images/774.PNG
우먼즈 슬림 스퀘어 넥 반팔 티셔츠 [화이트],1,downloaded_images/775.PNG
라이트웨이트 테이퍼드 히든 밴딩 크롭 슬랙스 [라이트 카키],2,downloaded_images/776.PNG
투 턱 와이드 데님 팬츠 [라이트 인디고],2,downloaded_images/777.PNG
수피마 코튼 가디건 [블랙],0,downloaded_images/778.PNG
라이트웨이트 배기 드로스트링 밴딩 크롭 슬랙스 [블랙],2,downloaded_images/779.PNG
베이식 크루 넥 반팔 티셔츠 [블루],1,downloaded_images/780.PNG
울 테이퍼드 히든 밴딩 크롭 슬랙스 [블랙],2,downloaded_images/781.PNG
플레인 폴로 셔츠 [블랙],1,downloaded_images/782.PNG
미니멀 크루 넥 니트 [미디엄 그레이],1,downloaded_images/783.PNG
릴렉스 핏 크루 넥 반팔 티셔츠 [더스티 크림],1,downloaded_images/784.PNG
리얼 와이드 히든 밴딩 슬랙스 [네이비],2,downloaded_images/785.PNG
베이식 크루 넥 반팔 티셔츠 [딥 그린],1,downloaded_images/786.PNG
스키니 히든 밴딩 크롭 슬랙스 [미디엄 그레이],2,downloaded_images/787.PNG
우먼즈 샤기 플리스 집업 재킷 [블랙],0,downloaded_images/788.PNG
[쿨탠다드] 세미 와이드 히든 밴딩 슬랙스 [그레이],2,downloaded_images/789.PNG
기모 후디드 스웨트셔츠 [블랙],1,downloaded_images/790.PNG
릴렉스 핏 피케 폴로 셔츠 [화이트],1,downloaded_images/791.PNG
우먼즈 오버사이즈 스웨트셔츠 [블랙],1,downloaded_images/792.PNG
테이퍼드 치노 팬츠 [네이비],2,downloaded_images/793.PNG
레이어드 크루 넥 반팔 티셔츠_일반 기장 [크림],1,downloaded_images/794.PNG
브라이트 나일론 이지 쇼츠_6.5인치 [블랙],2,downloaded_images/795.PNG
우먼즈 라운지 쇼츠 [미디엄 그레이],2,downloaded_images/796.PNG
우먼즈 스트레이트 데님 팬츠 [워시드 블랙],2,downloaded_images/797.PNG
와이드 핏 치노 쇼츠 [화이트],2,downloaded_images/798.PNG
레귤러 핏 데님 팬츠 [그레이],2,downloaded_images/799.PNG
우먼즈 헤비웨이트 속기모 슬림 스트레이트 히든 밴딩 슬랙스 [블랙],2,downloaded_images/800.PNG
[쿨탠다드] 릴렉스 핏 크루 넥 반팔 티셔츠 [카키],1,downloaded_images/801.PNG
유틸리티 쇼츠 [애시드 그린],2,downloaded_images/802.PNG
[프리미엄] KIPAS 슬림 크롭 데님 팬츠 [미디엄 인디고],2,downloaded_images/803.PNG
코튼 린넨 스탠드 칼라 셔츠 [화이트],1,downloaded_images/804.PNG
램스울 오버사이즈 가디건 [미디엄 그레이],0,downloaded_images/805.PNG
베이식 긴팔 티셔츠 [오렌지],1,downloaded_images/806.PNG
라이트웨이트 와이드 히든 밴딩 슬랙스 [더스티 베이지],2,downloaded_images/807.PNG
[쿨탠다드] 우먼즈 베이식 크루 넥 반팔 티셔츠 2팩,1,downloaded_images/808.PNG
볼드 라인 트랙 팬츠 [블랙],2,downloaded_images/809.PNG
오버사이즈 하프 집업 스웨트셔츠 [네이비],1,downloaded_images/810.PNG
우먼즈 웨이스트밴들리스 와이드 슬랙스 [네이비],2,downloaded_images/811.PNG
우먼즈 베이식 크루 넥 반팔 티셔츠 [더스티 민트],1,downloaded_images/812.PNG
스웨트셔츠 [그린],1,downloaded_images/813.PNG
릴렉스 핏 크루 넥 스트링 반팔 티셔츠 [화이트],1,downloaded_images/814.PNG
스웨트 쇼츠 [오트밀],2,downloaded_images/815.PNG
콘트라스트 스티치 레귤러 핏 데님 팬츠 [블랙],2,downloaded_images/816.PNG
플랫 테리 스웨트 쇼츠 [블랙],2,downloaded_images/817.PNG
멀티 스트라이프 릴렉스드 긴팔 티셔츠 1 [블랙/블루],1,downloaded_images/818.PNG
투 턱 와이드 데님 팬츠 [로우 블랙],2,downloaded_images/819.PNG
베이식 긴팔 티셔츠 [라벤더],1,downloaded_images/820.PNG
기모 스웨트셔츠 [미디엄 그레이],1,downloaded_images/821.PNG
우먼즈 슬림 스퀘어 넥 반팔 티셔츠 [블랙],1,downloaded_images/822.PNG
우먼즈 하이 웨이스트 와이드 히든 밴딩 슬랙스 [그레이],2,downloaded_images/823.PNG
나일론 이지 쇼츠_7.5인치 [네이비],2,downloaded_images/824.PNG
치노 쇼츠 [라이트 그레이],2,downloaded_images/825.PNG
크루 넥 긴팔 티셔츠 [퍼플],1,downloaded_images/826.PNG
캐시미어 블렌드 오버사이즈 더블 코트 [네이비],0,downloaded_images/827.PNG
헤비웨이트 속기모 와이드 히든 밴딩 슬랙스 [차콜 그레이],2,downloaded_images/828.PNG
베이식 긴팔 티셔츠 [애쉬 그레이],1,downloaded_images/829.PNG
스웨트셔츠 [베이지],1,downloaded_images/830.PNG
헤비웨이트 오버사이즈 스웨트셔츠 [화이트],1,downloaded_images/831.PNG
[쿨탠다드] 스트레이트 데님 팬츠 [크림],2,downloaded_images/832.PNG
우먼즈 슬림 크롭 크루 넥 반팔 티셔츠 [블랙],1,downloaded_images/833.PNG
우먼즈 릴렉스드 라운지 스웨트 팬츠 [멜란지 라이트 그레이],2,downloaded_images/834.PNG
캐시미어 블렌드 오버사이즈 노치트 더블 코트 [블랙],0,downloaded_images/835.PNG
[쿨탠다드] 크루 넥 긴팔 티셔츠 [다크 그레이],1,downloaded_images/836.PNG
릴렉스 핏 크루 넥 반팔 티셔츠 [틸],1,downloaded_images/837.PNG
우먼즈 릴렉스드 보트 넥 긴팔 티셔츠 [화이트],1,downloaded_images/838.PNG
라이트웨이트 베이식 블레이저 [베이지],0,downloaded_images/839.PNG
[짱구대디 컬래버] CONE 오버사이즈 데님 블루종 재킷 [워시드 블랙],0,downloaded_images/840.PNG
우먼즈 맘 핏 데님 팬츠 [라이트 인디고],2,downloaded_images/841.PNG
코튼 린넨 테이퍼드 이지 팬츠 [다크 네이비],2,downloaded_images/842.PNG
콘트라스트 스티치 스웨트셔츠 [블랙],1,downloaded_images/843.PNG
우먼즈 폴라 플리스 베리어블 라운지 스웨트 팬츠 [블랙],2,downloaded_images/844.PNG
라이트웨이트 리얼 와이드 히든 밴딩 슬랙스 [미디엄 그레이],2,downloaded_images/845.PNG
샤기 플리스 집업 재킷 [라이트 베이지],0,downloaded_images/846.PNG
캐시미어 블렌드 오버사이즈 싱글 코트 [차콜 그레이],0,downloaded_images/847.PNG
릴렉스 핏 크루 넥 반팔 티셔츠 [다크 베이지],1,downloaded_images/848.PNG
리얼 와이드 히든 밴딩 슬랙스 [다크 그레이],2,downloaded_images/849.PNG
라이트웨이트 와이드 히든 밴딩 슬랙스 [라이트 그레이],2,downloaded_images/850.PNG
오버사이즈 하프 집업 스웨트셔츠 [미디엄 그레이],1,downloaded_images/851.PNG
[쿨탠다드] 크루 넥 긴팔 티셔츠 [크림],1,downloaded_images/852.PNG
우먼즈 플랫 테리 와이드 라운지 스웨트 팬츠 [네이비],2,downloaded_images/853.PNG
헤비웨이트 스웨트 팬츠 [오트밀],2,downloaded_images/854.PNG
우먼즈 글렌 체크 오버사이즈 블레이저 [다크 베이지],0,downloaded_images/855.PNG
스웨트 팬츠 [네이비],2,downloaded_images/856.PNG
우먼즈 오버사이즈 블레이저 [라이트 브라운],0,downloaded_images/857.PNG
유틸리티 쇼츠 [레드],2,downloaded_images/858.PNG
테이퍼드 코듀로이 팬츠 [다크 브라운],2,downloaded_images/859.PNG
와이드 버뮤다 히든 밴딩 하프 슬랙스 [블랙],2,downloaded_images/860.PNG
빅 대디 오버사이즈 블레이저 [그레이],0,downloaded_images/861.PNG
우먼즈 텐셀 실키 긴팔 티셔츠 [블랙],1,downloaded_images/862.PNG
헤비웨이트 스웨트 팬츠 [멜란지 라이트 그레이],2,downloaded_images/863.PNG
라이트웨이트 테이퍼드 히든 밴딩 크롭 슬랙스 [딥 블루],2,downloaded_images/864.PNG
[쿨탠다드] 와이드 히든 밴딩 슬랙스 [다크 그레이],2,downloaded_images/865.PNG
오버사이즈 MA-1 보머 재킷 [다크 그레이],0,downloaded_images/866.PNG
베이식 크루 넥 반팔 티셔츠 [다크 그레이],1,downloaded_images/867.PNG
릴렉스 핏 실키 셔츠 [더스티 베이지],1,downloaded_images/868.PNG
[쿨탠다드] 릴렉스드 테이퍼드 히든 밴딩 크롭 슬랙스 [라이트 그레이],2,downloaded_images/869.PNG
원 턱 레귤러 핏 치노 팬츠 [네이비],2,downloaded_images/870.PNG
릴렉스드 베이식 블레이저 [다크 그레이],0,downloaded_images/871.PNG
헤비웨이트 오버사이즈 스웨트셔츠 [다크 브라운],1,downloaded_images/872.PNG
릴렉스드 쇼트 슬리브 셔츠 [블랙],1,downloaded_images/873.PNG
브리티쉬 아미 카고 팬츠 [카키],2,downloaded_images/874.PNG
와이드 핏 치노 쇼츠 [블랙],2,downloaded_images/875.PNG
세미 와이드 히든 밴딩 슬랙스 [더스티 카키],2,downloaded_images/876.PNG
테이퍼드 턴업 히든 밴딩 크롭 슬랙스 [미디엄 그레이],2,downloaded_images/877.PNG
릴렉스 핏 크루 넥 반팔 티셔츠 [핫 핑크],1,downloaded_images/878.PNG
와이드 스웨트 팬츠 [오트밀],2,downloaded_images/879.PNG
우먼즈 크루 넥 크롭 반팔 티셔츠 [스카이 블루],1,downloaded_images/880.PNG
스웨트 팬츠 [다크 그레이],2,downloaded_images/881.PNG
라이트웨이트 와이드 히든 밴딩 크롭 슬랙스 [라이트 베이지],2,downloaded_images/882.PNG
램스울 리브드 터틀 넥 니트 [블랙],1,downloaded_images/883.PNG
링클프리 드레스 셔츠 [블랙],1,downloaded_images/884.PNG
라이트웨이트 리얼 와이드 히든 밴딩 슬랙스 [차콜 그레이],2,downloaded_images/885.PNG
우먼즈 크루 넥 크롭 긴팔 티셔츠 [블랙],1,downloaded_images/886.PNG
우먼즈 헤비웨이트 속기모 하이 웨이스트 와이드 히든 밴딩 슬랙스 [블랙],2,downloaded_images/887.PNG
스웨트셔츠 [크림],1,downloaded_images/888.PNG
[그린] 리사이클 원 턱 릴렉스드 테이퍼드 히든 밴딩 크롭 슬랙스 [차콜 그레이],2,downloaded_images/889.PNG
폰테 크루 넥 긴팔 티셔츠 [머쉬룸],1,downloaded_images/890.PNG
[짱구대디 컬래버] CONE 딥 턱 커브드 데님 팬츠 [로우 블랙],2,downloaded_images/891.PNG
오버사이즈 포플린 반팔 셔츠 [화이트],1,downloaded_images/892.PNG
코튼 와이드 버뮤다 쇼츠 [블랙],2,downloaded_images/893.PNG
[쿨탠다드] 우먼즈 베이식 크루 넥 반팔 티셔츠 [크림],1,downloaded_images/894.PNG
테이퍼드 히든 밴딩 10부 슬랙스 [라이트 그레이],2,downloaded_images/895.PNG
[깡스타일리스트 컬래버] 캐시미어 블렌드 맥시 발마칸 코트 [블랙],0,downloaded_images/896.PNG
[쿨탠다드] 세미 와이드 히든 밴딩 슬랙스 [라이트 그레이],2,downloaded_images/897.PNG
[짱구대디 컬래버] CONE 스트레이트 데님 팬츠 [라이트 인디고],2,downloaded_images/898.PNG
헤비웨이트 릴렉스드 크루 넥 긴팔 티셔츠 [더스티 크림],1,downloaded_images/899.PNG
우먼즈 리브드 슬림 핏 긴팔 티셔츠 [크림],1,downloaded_images/900.PNG
베이식 크루 넥 반팔 티셔츠 [잉크 블루],1,downloaded_images/901.PNG
헤비웨이트 오버사이즈 후디드 스웨트셔츠 [네이비],1,downloaded_images/902.PNG
라이트웨이트 스키니 히든 밴딩 크롭 슬랙스 [라이트 그레이],2,downloaded_images/903.PNG
미니멀 가디건 [라이트 그레이],0,downloaded_images/904.PNG
벨루어 트랙 팬츠 [블랙],2,downloaded_images/905.PNG
스트레이트 히든 밴딩 슬랙스 [차콜 그레이],2,downloaded_images/906.PNG
샤기 플리스 집업 재킷 [라이트 그레이],0,downloaded_images/907.PNG
린넨 라이크 와이드 데님 팬츠 [라이트 인디고],2,downloaded_images/908.PNG
린넨 라이크 세미 벌룬 데님 팬츠 [딥 인디고],2,downloaded_images/909.PNG
코튼 오버사이즈 맥 코트 [베이지],0,downloaded_images/910.PNG
릴렉스 핏 크루 넥 반팔 티셔츠 [차콜 그레이],1,downloaded_images/911.PNG
폰테 릴렉스 핏 크루 넥 반팔 티셔츠 [크림],1,downloaded_images/912.PNG
다운 푸퍼 패딩 베스트 [블랙],0,downloaded_images/913.PNG
치노 쇼츠 [화이트],2,downloaded_images/914.PNG
우먼즈 리얼 와이드 벨티드 슬랙스 [차콜 그레이],2,downloaded_images/915.PNG
릴렉스드 텐셀 린넨 셔츠 [화이트],1,downloaded_images/916.PNG
스키니 히든 밴딩 크롭 슬랙스 [더스티 베이지],2,downloaded_images/917.PNG
우먼즈 기모 릴렉스드 라운지 스웨트 팬츠 [미디엄 그레이],2,downloaded_images/918.PNG
투 턱 와이드 치노 팬츠 [라이트 베이지],2,downloaded_images/919.PNG
[쿨탠다드] 쿨링 와이드 이지 팬츠 [더스티 베이지],2,downloaded_images/920.PNG
다운 푸퍼 숏 패딩 재킷 [더스티 크림],0,downloaded_images/921.PNG
오버사이즈 스웨트셔츠 [블랙],1,downloaded_images/922.PNG
우먼즈 슬림 스트레이트 히든 밴딩 슬랙스 [그레이],2,downloaded_images/923.PNG
릴렉스 핏 옥스포드 셔츠 [베이지],1,downloaded_images/924.PNG
[쿨탠다드] 맨즈 메시 브이 넥 슬리브리스 언더셔츠 [화이트],1,downloaded_images/925.PNG
미니멀 가디건 [오트밀],0,downloaded_images/926.PNG
[쿨탠다드] 릴렉스 핏 크루 넥 반팔 티셔츠 [애쉬 그레이],1,downloaded_images/927.PNG
[쿨탠다드] 와이드 히든 밴딩 슬랙스 [아이언 그레이],2,downloaded_images/928.PNG
리얼 와이드 벨티드 슬랙스 [그레이],2,downloaded_images/929.PNG
우먼즈 스웨트 쇼츠 [미디엄 그레이],2,downloaded_images/930.PNG
우먼즈 릴렉스드 크롭 실키 셔츠 [화이트],1,downloaded_images/931.PNG
미니멀 크루 넥 니트 [베이지],1,downloaded_images/932.PNG
쓰리 턱 세미 벌룬 슬랙스 [다크 브라운],2,downloaded_images/933.PNG
우먼즈 크루 넥 크롭 반팔 티셔츠 [네이비],1,downloaded_images/934.PNG
나일론 이지 쇼츠_5.5인치 [라이트 베이지],2,downloaded_images/935.PNG
슬래쉬 슬림 크롭 데님 팬츠 [라이트 인디고],2,downloaded_images/936.PNG
라이트웨이트 테이퍼드 턴업 히든 밴딩 크롭 슬랙스 [블랙],2,downloaded_images/937.PNG
[쿨탠다드] 테이퍼드 히든 밴딩 크롭 슬랙스 [그레이],2,downloaded_images/938.PNG
[쿨탠다드] 와이드 히든 밴딩 슬랙스 [네이비],2,downloaded_images/939.PNG
후디드 스웨트 집업 [멜란지 라이트 그레이],0,downloaded_images/940.PNG
테이퍼드 히든 밴딩 크롭 슬랙스 [다크 브라운],2,downloaded_images/941.PNG
베이식 긴팔 티셔츠 [틸],1,downloaded_images/942.PNG
우먼즈 폴라 플리스 스웨트 팬츠 [아이보리],2,downloaded_images/943.PNG
라운지 스웨트 팬츠 [차콜 그레이],2,downloaded_images/944.PNG
우먼즈 캐시미어 블렌드 핸드메이드 더블 코트 [블랙],0,downloaded_images/945.PNG
수피마 릴렉스드 크루 넥 반팔 티셔츠 [블랙],1,downloaded_images/946.PNG
쓰리 턱 세미 벌룬 슬랙스 [반다이크 브라운],2,downloaded_images/947.PNG
글렌 체크 테이퍼드 히든 밴딩 크롭 슬랙스 [미디엄 그레이],2,downloaded_images/948.PNG
[쿨탠다드] 릴렉스 핏 크루 넥 반팔 티셔츠 [더스티 베이지],1,downloaded_images/949.PNG
오버사이즈 옥스포드 반팔 셔츠 [블랙],1,downloaded_images/950.PNG
코튼 린넨 투 턱 와이드 팬츠 [카키],2,downloaded_images/951.PNG
쓰리 턱 세미 벌룬 슬랙스 [크림],2,downloaded_images/952.PNG
릴렉스드 데님 트러커 재킷 2 [워시드 블랙],0,downloaded_images/953.PNG
우먼즈 크롭 후디드 스웨트 집업 [블랙],0,downloaded_images/954.PNG
[쿨탠다드] 우먼즈 슬림 스트레이트 히든 밴딩 슬랙스 [블랙],2,downloaded_images/955.PNG
기모 후디드 스웨트 집업 [블랙],0,downloaded_images/956.PNG
우먼즈 베이식 크루 넥 반팔 티셔츠 [인디언 핑크],1,downloaded_images/957.PNG
우먼즈 슬림 스트레이트 데님 팬츠 [워시드 블랙],2,downloaded_images/958.PNG
[핏더사이즈 컬래버] 시티 레저 와이드 벨티드 카고 팬츠 [블랙],2,downloaded_images/959.PNG
베이식 긴팔 티셔츠 [블루 그레이],1,downloaded_images/960.PNG
우먼즈 스웨트 팬츠 [네이비],2,downloaded_images/961.PNG
우먼즈 와이드 치노 팬츠 [블랙],2,downloaded_images/962.PNG
[핏더사이즈 컬래버] 시티 레저 와이드 벨티드 카고 팬츠 [카키],2,downloaded_images/963.PNG
투 턱 와이드 치노 팬츠 [블랙],2,downloaded_images/964.PNG
세미 와이드 슬릿 히든 밴딩 슬랙스 [네이비],2,downloaded_images/965.PNG
램스울 크루 넥 니트 베스트 [블랙],1,downloaded_images/966.PNG
릴렉스드 테이퍼드 히든 밴딩 크롭 슬랙스 [크림],2,downloaded_images/967.PNG
우먼즈 텐셀 실키 반팔 티셔츠 [화이트],1,downloaded_images/968.PNG
우먼즈 코튼 와이드 버뮤다 쇼츠 [블랙],2,downloaded_images/969.PNG
우먼즈 폴라 플리스 스웨트 팬츠 [블랙],2,downloaded_images/970.PNG
슈퍼 와이드 히든 밴딩 크롭 슬랙스 [블랙],2,downloaded_images/971.PNG
M-65 필드 재킷 [카키],0,downloaded_images/972.PNG
미니멀 크루 넥 니트 [헤더 베이지],1,downloaded_images/973.PNG
우먼즈 플랫 테리 와이드 라운지 스웨트 팬츠 [화이트],2,downloaded_images/974.PNG
라이트웨이트 스키니 히든 밴딩 크롭 슬랙스 [미디엄 그레이],2,downloaded_images/975.PNG
코튼 린넨 테이퍼드 이지 팬츠 [다크 그레이],2,downloaded_images/976.PNG
투 턱 와이드 데님 팬츠 [딥 인디고],2,downloaded_images/977.PNG
릴렉스드 터틀 넥 긴팔 티셔츠 [블랙],1,downloaded_images/978.PNG
이지 밴딩 트랙 슬랙스 [블랙],2,downloaded_images/979.PNG
유틸리티 쇼츠 [퍼플],2,downloaded_images/980.PNG
릴렉스드 테이퍼드 히든 밴딩 크롭 슬랙스 [라이트 베이지],2,downloaded_images/981.PNG
릴렉스 핏 크루 넥 반팔 티셔츠 [애쉬 그레이],1,downloaded_images/982.PNG
미니멀 모크 넥 니트 [크림],1,downloaded_images/983.PNG
베이식 울 블레이저 [블랙],0,downloaded_images/984.PNG
우먼즈 와이드 히든 밴딩 슬랙스 [라이트 베이지],2,downloaded_images/985.PNG
우먼즈 플리스 칼라리스 재킷 [아이보리],0,downloaded_images/986.PNG
캐시미어 블렌드 오버사이즈 싱글 코트 [브라운],0,downloaded_images/987.PNG
라이트웨이트 테이퍼드 히든 밴딩 크롭 슬랙스 [더스티 카키],2,downloaded_images/988.PNG
사이드 어드저스트 투 턱 와이드 슬랙스 [블랙],2,downloaded_images/989.PNG
나일론 이지 쇼츠_5.5인치 [머스터드],2,downloaded_images/990.PNG
슈퍼 와이드 히든 밴딩 슬랙스 [크림],2,downloaded_images/991.PNG
릴렉스드 미니멀 재킷_논 포켓 [올 블랙],0,downloaded_images/992.PNG
[그린] 리사이클 릴렉스드 크루 넥 반팔 티셔츠 [화이트],1,downloaded_images/993.PNG
라이트웨이트 리얼 와이드 히든 밴딩 슬랙스 [크림],2,downloaded_images/994.PNG
데일리 푸퍼 숏 패딩 재킷 [블랙],0,downloaded_images/995.PNG
우먼즈 오버사이즈 3버튼 블레이저 [블랙],0,downloaded_images/996.PNG
[프리미엄] CALIK 슬림 크롭 데님 팬츠 [블랙],2,downloaded_images/997.PNG
크링클 셔츠 재킷 [블랙],0,downloaded_images/998.PNG
릴렉스 핏 크루 넥 반팔 티셔츠 [머쉬룸],1,downloaded_images/999.PNG
미니멀 가디건 [베이지],0,downloaded_images/1000.PNG
[쿨탠다드] 레이어드 크루 넥 반팔 티셔츠_일반기장 2팩,1,downloaded_images/1001.PNG
라이트웨이트 베이식 블레이저 [라이트 베이지],0,downloaded_images/1002.PNG
헤비웨이트 오버사이즈 스웨트셔츠 [더스티 베이지],1,downloaded_images/1003.PNG
시어서커 쇼츠 [블랙],2,downloaded_images/1004.PNG
레플리카 퍼티그 팬츠 [네이비],2,downloaded_images/1005.PNG
데님 와이드 벌룬 팬츠 [라이트 인디고],2,downloaded_images/1006.PNG
캐시미어 블렌드 오버사이즈 싱글 코트 [그레이쉬 블루],0,downloaded_images/1007.PNG
유틸리티 쇼츠 [블루],2,downloaded_images/1008.PNG
[쿨탠다드] 크루 넥 긴팔 티셔츠 [네이비],1,downloaded_images/1009.PNG
와이드 스웨트 팬츠 [네이비],2,downloaded_images/1010.PNG
[쿨탠다드] 릴렉스 핏 크루 넥 반팔 티셔츠 [피콕 블루],1,downloaded_images/1011.PNG
우먼즈 플레어 슬릿 히든 밴딩 슬랙스 [블랙],2,downloaded_images/1012.PNG
이지 밴딩 카고 조거 슬랙스 [블랙],2,downloaded_images/1013.PNG
레플리카 퍼티그 팬츠 [크림],2,downloaded_images/1014.PNG
[쿨탠다드] 릴렉스 핏 크루 넥 반팔 티셔츠 [더스티 블루],1,downloaded_images/1015.PNG
[쿨탠다드] 릴렉스드 테이퍼드 히든 밴딩 크롭 슬랙스 [더스티 베이지],2,downloaded_images/1016.PNG
베이식 옥스포드 셔츠 [네이비],1,downloaded_images/1017.PNG
우먼즈 후디드 스웨트 집업 [오트밀],0,downloaded_images/1018.PNG
오픈 칼라 폴로 셔츠 [네이비],1,downloaded_images/1019.PNG
라이트웨이트 세미 와이드 히든 밴딩 슬랙스 [다크 그레이],2,downloaded_images/1020.PNG
스트라이프 럭비 셔츠 [네이비/그린],1,downloaded_images/1021.PNG
우먼즈 와이드 치노 팬츠 [베이지],2,downloaded_images/1022.PNG
라이트웨이트 테이퍼드 히든 밴딩 크롭 슬랙스 [더스티 민트],2,downloaded_images/1023.PNG
릴렉스 핏 크루 넥 반팔 티셔츠 [피콕 블루],1,downloaded_images/1024.PNG
와이드 이지 밴딩 크롭 슬랙스 [더스티 베이지],2,downloaded_images/1025.PNG
스웨트셔츠 [멜란지 라이트 그레이],1,downloaded_images/1026.PNG
헤비웨이트 오버사이즈 스웨트셔츠 [오트밀],1,downloaded_images/1027.PNG
라이트웨이트 리얼 와이드 히든 밴딩 슬랙스 [라이트 그레이],2,downloaded_images/1028.PNG
코튼 와이드 벌룬 팬츠 [네이비],2,downloaded_images/1029.PNG
오버사이즈 블레이저 [네이비],0,downloaded_images/1030.PNG
릴렉스 핏 크루 넥 반팔 티셔츠 [스카이 블루],1,downloaded_images/1031.PNG
우먼즈 플리스 칼라리스 재킷 [베이지],0,downloaded_images/1032.PNG
폰테 크루 넥 긴팔 티셔츠 [더스티 베이지],1,downloaded_images/1033.PNG
투 턱 와이드 치노 팬츠 [크림],2,downloaded_images/1034.PNG
헤비웨이트 스웨트 팬츠 [네이비],2,downloaded_images/1035.PNG
나일론 이지 쇼츠_7.5인치 [레드],2,downloaded_images/1036.PNG
비건 레더 오버사이즈 싱글 재킷 [블랙],0,downloaded_images/1037.PNG
릴렉스 핏 크루 넥 반팔 티셔츠 [파스텔 블루],1,downloaded_images/1038.PNG
와이드 히든 밴딩 슬랙스 [더스티 카키],2,downloaded_images/1039.PNG
우먼즈 샤기 플리스 집업 재킷 [아이보리],0,downloaded_images/1040.PNG
베이식 긴팔 티셔츠 [머쉬룸],1,downloaded_images/1041.PNG
우먼즈 크롭 블레이저 [그레이],0,downloaded_images/1042.PNG
엑스트라 오버사이즈 크루 넥 반팔 티셔츠 [블랙],1,downloaded_images/1043.PNG
[쿨탠다드] 릴렉스 핏 피케 폴로 셔츠 [네이비],1,downloaded_images/1044.PNG
오버사이즈 포플린 반팔 셔츠 [네이비],1,downloaded_images/1045.PNG
리얼 와이드 히든 밴딩 슬랙스 [크림],2,downloaded_images/1046.PNG
우먼즈 플루이드 블레이저 [베이지],0,downloaded_images/1047.PNG
시어서커 블레이저 [블랙],0,downloaded_images/1048.PNG
우먼즈 오버사이즈 블레이저 [라이트 베이지],0,downloaded_images/1049.PNG
[쿨탠다드] 릴렉스드 테이퍼드 히든 밴딩 크롭 슬랙스 [다크 그레이],2,downloaded_images/1050.PNG
우먼즈 슬림 스트레이트 데님 팬츠 [라이트 인디고],2,downloaded_images/1051.PNG
원 턱 와이드 라운지 스웨트 팬츠 [멜란지 라이트 그레이],2,downloaded_images/1052.PNG
레이어드 크루 넥 반팔 티셔츠_긴 기장 [크림],1,downloaded_images/1053.PNG
나일론 이지 쇼츠_7.5인치 [애쉬 그레이],2,downloaded_images/1054.PNG
롱 슬리브 피케 폴로 셔츠 [머쉬룸],1,downloaded_images/1055.PNG
슬릿 넥 피케 폴로 셔츠 [더스티 카키],1,downloaded_images/1056.PNG
나일론 이지 쇼츠_7.5인치 [머스터드],2,downloaded_images/1057.PNG
스웨트 쇼츠 [네이비],2,downloaded_images/1058.PNG
슬릿 넥 피케 폴로 셔츠 [더스티 베이지],1,downloaded_images/1059.PNG
크루 넥 긴팔 티셔츠 [더스티 크림],1,downloaded_images/1060.PNG
콘트라스트 스티치 스웨트셔츠 [블루 그레이],1,downloaded_images/1061.PNG
폰테 크루 넥 긴팔 티셔츠 [블루 그레이],1,downloaded_images/1062.PNG
폰테 크루 넥 긴팔 티셔츠 [베이지],1,downloaded_images/1063.PNG
코튼 와이드 버뮤다 쇼츠 [베이지],2,downloaded_images/1064.PNG
베이식 크루 넥 반팔 티셔츠 [블루 그레이],1,downloaded_images/1065.PNG
와이드 히든 밴딩 크롭 슬랙스 [차콜 그레이],2,downloaded_images/1066.PNG
우먼즈 세미 부츠 컷 히든 밴딩 슬랙스 [블랙],2,downloaded_images/1067.PNG
[쿨탠다드] 릴렉스 핏 크루 넥 반팔 티셔츠 [블루],1,downloaded_images/1068.PNG
와이드 핏 치노 쇼츠 [베이지],2,downloaded_images/1069.PNG
라이트웨이트 스키니 히든 밴딩 크롭 슬랙스 [라이트 베이지],2,downloaded_images/1070.PNG
더블 니트 투 턱 와이드 라운지 스웨트 팬츠 [블랙],2,downloaded_images/1071.PNG
[쿨탠다드] 릴렉스드 테이퍼드 히든 밴딩 크롭 슬랙스 [네이비],2,downloaded_images/1072.PNG
오버사이즈 폴라 플리스 하이넥 재킷 [다크 그레이],0,downloaded_images/1073.PNG
스트라이프 오버사이즈 옥스포드 셔츠 [스카이 블루 스트라이프],1,downloaded_images/1074.PNG
칼라리스 다운 집업 재킷 [블랙],0,downloaded_images/1075.PNG
[프리미엄] KIPAS 슬림 크롭 데님 팬츠 [라이트 인디고],2,downloaded_images/1076.PNG
릴렉스드 데님 트러커 재킷 2 [라이트 인디고],0,downloaded_images/1077.PNG
라이트웨이트 와이드 히든 밴딩 슬랙스 [차콜 그레이],2,downloaded_images/1078.PNG
코튼 린넨 원 턱 와이드 팬츠 [블랙],2,downloaded_images/1079.PNG
슬릿 넥 피케 폴로 셔츠 [다크 그레이],1,downloaded_images/1080.PNG
크루 넥 긴팔 티셔츠 [틸],1,downloaded_images/1081.PNG
오버사이즈 포플린 반팔 셔츠 [블랙],1,downloaded_images/1082.PNG
슈퍼 와이드 히든 밴딩 슬랙스[차콜 그레이],2,downloaded_images/1083.PNG
릴렉스 핏 크루 넥 반팔 티셔츠 [블루 그레이],1,downloaded_images/1084.PNG
라이트웨이트 스키니 히든 밴딩 크롭 슬랙스 [네이비],2,downloaded_images/1085.PNG
크루 넥 7부 티셔츠 [멜란지 그레이],1,downloaded_images/1086.PNG
우먼즈 플루이드 와이드 슬랙스 [다크 그레이],2,downloaded_images/1087.PNG
램스울 리브드 터틀 넥 니트 [미디엄 그레이],1,downloaded_images/1088.PNG
[쿨탠다드] 릴렉스 핏 크루 넥 반팔 티셔츠 [건메탈],1,downloaded_images/1089.PNG
레귤러 핏 코듀로이 팬츠 [다크 그레이],2,downloaded_images/1090.PNG
핀 턱 레귤러 핏 데님 팬츠 [라이트 인디고],2,downloaded_images/1091.PNG
코튼 린넨 테이퍼드 이지 팬츠 [라이트 브라운],2,downloaded_images/1092.PNG
헤비웨이트 속기모 테이퍼드 히든 밴딩 10부 슬랙스 [다크 그레이],2,downloaded_images/1093.PNG
라운드 넥 트위드 재킷 [블랙],0,downloaded_images/1094.PNG
라이트웨이트 테이퍼드 히든 밴딩 크롭 슬랙스 [블루 그레이],2,downloaded_images/1095.PNG
다운 푸퍼 숏 패딩 재킷 [다크 그레이],0,downloaded_images/1096.PNG
헤비웨이트 오버사이즈 후디드 스웨트 집업 [멜란지 라이트 그레이],0,downloaded_images/1097.PNG
우먼즈 베이식 크루 넥 반팔 티셔츠 [라이트 그레이],1,downloaded_images/1098.PNG
[그린] 리사이클 라운지 스웨트 팬츠 [블랙],2,downloaded_images/1099.PNG
데일리 푸퍼 리버서블 플리스 숏 패딩 재킷 [라이트 그레이/아이보리],0,downloaded_images/1100.PNG
라이트웨이트 와이드 히든 밴딩 크롭 슬랙스 [미디엄 그레이],2,downloaded_images/1101.PNG
세미 와이드 히든 밴딩 슬랙스 [화이트],2,downloaded_images/1102.PNG
테이퍼드 코듀로이 팬츠 [카키],2,downloaded_images/1103.PNG
나일론 이지 쇼츠_7.5인치 [라이트 베이지],2,downloaded_images/1104.PNG
트랜스폼 라운드 넥 라이트 다운 재킷 [베이지],0,downloaded_images/1105.PNG
우먼즈 플렉서블 크루 넥 긴팔 티셔츠 [블랙],1,downloaded_images/1106.PNG
콘트라스트 스티치 스웨트셔츠 [다크 그레이],1,downloaded_images/1107.PNG
레귤러 핏 치노 팬츠 [네이비],2,downloaded_images/1108.PNG
우먼즈 라이트웨이트 오버사이즈 블레이저 [블랙],0,downloaded_images/1109.PNG
스웨트 쇼츠 [크림],2,downloaded_images/1110.PNG
리얼 와이드 벨티드 슬랙스 [라이트 베이지],2,downloaded_images/1111.PNG
[쿨탠다드] 와이드 히든 밴딩 슬랙스 [건메탈],2,downloaded_images/1112.PNG
테이퍼드 히든 밴딩 크롭 슬랙스 [딥 블루],2,downloaded_images/1113.PNG
라이트웨이트 테이퍼드 히든 밴딩 10부 슬랙스 [라이트 베이지],2,downloaded_images/1114.PNG
코튼 린넨 원 턱 와이드 팬츠 [라이트 베이지],2,downloaded_images/1115.PNG
레일로드 재킷 [블랙],0,downloaded_images/1116.PNG
캐시미어 블렌드 오버사이즈 싱글 코트 [딥 그린],0,downloaded_images/1117.PNG
[쿨탠다드] 레이어드 슬리브리스 탑_일반기장 2팩,1,downloaded_images/1118.PNG
우먼즈 플루이드 슬림 스트레이트 슬랙스 [베이지],2,downloaded_images/1119.PNG
릴렉스드 리브드 니트 집업 [블랙],1,downloaded_images/1120.PNG
스트레이트 히든 밴딩 슬랙스 [네이비],2,downloaded_images/1121.PNG
우먼즈 라이트웨이트 하이 웨이스트 와이드 히든 밴딩 슬랙스 [베이지],2,downloaded_images/1122.PNG
[쿨탠다드] 트리코트 이지 셔츠 [블랙],1,downloaded_images/1123.PNG
폰테 크루 넥 긴팔 티셔츠 [네이비],1,downloaded_images/1124.PNG
우먼즈 스웨트 팬츠 [화이트],2,downloaded_images/1125.PNG
코튼 와이드 벌룬 팬츠 [세이지 그린],2,downloaded_images/1126.PNG
우먼즈 릴렉스드 라운지 스웨트 팬츠 [오트밀],2,downloaded_images/1127.PNG
리얼 와이드 벨티드 슬랙스 [차콜 그레이],2,downloaded_images/1128.PNG
올마이티 팬츠 [블랙],2,downloaded_images/1129.PNG
스웨트셔츠 [라이트 블루],1,downloaded_images/1130.PNG
리얼 와이드 벨티드 슬랙스 [다크 브라운],2,downloaded_images/1131.PNG
라이트웨이트 스키니 히든 밴딩 크롭 슬랙스 [차콜 그레이],2,downloaded_images/1132.PNG
우먼즈 와이드 버뮤다 히든 밴딩 하프 슬랙스 [블랙],2,downloaded_images/1133.PNG
헤비웨이트 오버사이즈 후디드 스웨트셔츠 [멜란지 라이트 그레이],1,downloaded_images/1134.PNG
우먼즈 리얼 와이드 벨티드 슬랙스 [더스티 베이지],2,downloaded_images/1135.PNG
스트레이트 히든 밴딩 슬랙스 [라이트 베이지],2,downloaded_images/1136.PNG
헤비웨이트 속기모 테이퍼드 히든 밴딩 10부 슬랙스 [네이비],2,downloaded_images/1137.PNG
우먼즈 맘 핏 데님 팬츠 [워시드 블랙],2,downloaded_images/1138.PNG
폰테 터틀 넥 긴팔 티셔츠 [다크 그레이],1,downloaded_images/1139.PNG
브이넥 라이트 다운 베스트 [카키],0,downloaded_images/1140.PNG
와이드 이지 밴딩 크롭 슬랙스 [차콜 그레이],2,downloaded_images/1141.PNG
크루 넥 긴팔 티셔츠 [세룰리안 블루],1,downloaded_images/1142.PNG
릴렉스 핏 크루 넥 반팔 티셔츠 [카키],1,downloaded_images/1143.PNG
[쿨탠다드] 릴렉스 핏 크루 넥 반팔 티셔츠 [라이트 카키],1,downloaded_images/1144.PNG
우먼즈 릴렉스 핏 크루 넥 반팔 티셔츠 [크림],1,downloaded_images/1145.PNG
우먼즈 트랜스폼 라운드 넥 라이트 다운 재킷 [차콜 그레이],0,downloaded_images/1146.PNG
라운지 스웨트 팬츠 [크림],2,downloaded_images/1147.PNG
레귤러 핏 치노 팬츠 [다크 그레이],2,downloaded_images/1148.PNG
우먼즈 오버사이즈 스웨트셔츠 [미디엄 그레이],1,downloaded_images/1149.PNG
크루 넥 긴팔 티셔츠 [머스타드],1,downloaded_images/1150.PNG
[쿨탠다드] 리얼 와이드 히든 밴딩 슬랙스 [라이트 베이지],2,downloaded_images/1151.PNG
헤비웨이트 속기모 와이드 히든 밴딩 슬랙스 [더스티 베이지],2,downloaded_images/1152.PNG
스키니 히든 밴딩 크롭 슬랙스 [네이비],2,downloaded_images/1153.PNG
[짱구대디 컬래버] CONE 스트레이트 데님 팬츠 [워시드 블랙],2,downloaded_images/1154.PNG
스트라이프 오버사이즈 옥스포드 반팔 셔츠 [스카이 블루 스트라이프],1,downloaded_images/1155.PNG
우먼즈 치노 쇼츠 [블랙],2,downloaded_images/1156.PNG
데일리 푸퍼 리버서블 플리스 숏 패딩 재킷 [블랙/블랙],0,downloaded_images/1157.PNG
젠더리스 와이드 밴딩 슬랙스 [미디엄 그레이],2,downloaded_images/1158.PNG
와이드 치노 팬츠 [네이비],2,downloaded_images/1159.PNG
리버스 원 턱 와이드 히든 밴딩 슬랙스 [블랙],2,downloaded_images/1160.PNG
램스울 리브드 브이 넥 니트 [베이지],1,downloaded_images/1161.PNG
라이트웨이트 테이퍼드 히든 밴딩 크롭 슬랙스 [핑크 베이지],2,downloaded_images/1162.PNG
우먼즈 와이드 히든 밴딩 슬랙스 [베이지],2,downloaded_images/1163.PNG
나일론 이지 쇼츠_7.5인치 [블루],2,downloaded_images/1164.PNG
우먼즈 투 턱 와이드 치노 팬츠 [베이지],2,downloaded_images/1165.PNG
커브드 와이드 치노 팬츠 [카키],2,downloaded_images/1166.PNG
세미 와이드 히든 밴딩 슬랙스 [라이트 카키],2,downloaded_images/1167.PNG
[쿨탠다드] 릴렉스 핏 크루 넥 반팔 티셔츠 [더스티 민트],1,downloaded_images/1168.PNG
케이블 크루 넥 니트 [네이비],1,downloaded_images/1169.PNG
엑스트라 오버사이즈 크루 넥 반팔 티셔츠 [화이트],1,downloaded_images/1170.PNG
오버사이즈 MA-1 보머 재킷 [카키],0,downloaded_images/1171.PNG
스트라이프 오버사이즈 옥스포드 셔츠 [그레이 스트라이프],1,downloaded_images/1172.PNG
램스울 오버사이즈 가디건 [베이지],0,downloaded_images/1173.PNG
우먼즈 릴렉스드 보트 넥 긴팔 티셔츠 [블랙],1,downloaded_images/1174.PNG
우먼즈 크루 넥 크롭 반팔 티셔츠 [다크 그레이],1,downloaded_images/1175.PNG
[쿨탠다드] 릴렉스 핏 크루 넥 반팔 티셔츠 [다크 브라운],1,downloaded_images/1176.PNG
베이식 긴팔 티셔츠 [라이트 그레이],1,downloaded_images/1177.PNG
코튼 와이드 벌룬 팬츠 [라이트 베이지],2,downloaded_images/1178.PNG
릴렉스 핏 크루 넥 반팔 티셔츠 [로즈 워터],1,downloaded_images/1179.PNG
우먼즈 와이드 카고 팬츠 [베이지],2,downloaded_images/1180.PNG
우먼즈 릴렉스드 라운지 스웨트 팬츠 [크림],2,downloaded_images/1181.PNG
베이식 긴팔 티셔츠 [베이지],1,downloaded_images/1182.PNG
우먼즈 슬림 스트레이트 히든 밴딩 슬랙스 [네이비],2,downloaded_images/1183.PNG
[쿨탠다드] 릴렉스드 테이퍼드 히든 밴딩 크롭 슬랙스 [그레이],2,downloaded_images/1184.PNG
롱 다운 벤치 파카 [블랙],0,downloaded_images/1185.PNG
[쿨탠다드] 트리코트 이지 셔츠 [스카이 블루],1,downloaded_images/1186.PNG
캐시미어 블렌드 오버사이즈 싱글 코트 [버건디],0,downloaded_images/1187.PNG
라이트웨이트 스키니 히든 밴딩 크롭 슬랙스 [베이지],2,downloaded_images/1188.PNG
코튼 린넨 투 턱 와이드 팬츠 [블랙],2,downloaded_images/1189.PNG
우먼즈 플랫 테리 와이드 라운지 스웨트 팬츠 [더스티 카키],2,downloaded_images/1190.PNG
나일론 이지 쇼츠_5.5인치 [네이비],2,downloaded_images/1191.PNG
슈퍼 와이드 히든 밴딩 슬랙스 [다크 그레이],2,downloaded_images/1192.PNG
커브드 와이드 치노 팬츠 [블랙],2,downloaded_images/1193.PNG
릴렉스 핏 크루 넥 반팔 티셔츠 [더스티 그린],1,downloaded_images/1194.PNG
헤비웨이트 속기모 리얼 와이드 히든 밴딩 슬랙스 [미디엄 그레이],2,downloaded_images/1195.PNG
헤비웨이트 오버사이즈 후디드 스웨트 집업 [네이비],0,downloaded_images/1196.PNG
스트라이프 와이드 히든 밴딩 슬랙스 [블랙],2,downloaded_images/1197.PNG
테이퍼드 히든 밴딩 크롭 슬랙스 [브릭],2,downloaded_images/1198.PNG
플랫 테리 오버사이즈 스트링 스웨트셔츠 [네이비],1,downloaded_images/1199.PNG
우먼즈 리브드 슬림 터틀 넥 니트 [블루 그레이],1,downloaded_images/1200.PNG
우먼즈 캐시미어 블렌드 체스터 롱 코트 [블랙],0,downloaded_images/1201.PNG
테이퍼드 히든 밴딩 10부 슬랙스 [핑크 베이지],2,downloaded_images/1202.PNG
플랫 테리 스웨트 팬츠 [미디엄 그레이],2,downloaded_images/1203.PNG
[쿨탠다드] 리얼 와이드 히든 밴딩 슬랙스 [더스티 베이지],2,downloaded_images/1204.PNG
엑스트라 오버사이즈 후디드 스웨트 집업 [미디엄 그레이],0,downloaded_images/1205.PNG
[쿨탠다드] 와이드 데님 팬츠 [라이트 인디고],2,downloaded_images/1206.PNG
투 턱 와이드 치노 팬츠 [카키],2,downloaded_images/1207.PNG
폰테 크루 넥 긴팔 티셔츠 [미디엄 그레이],1,downloaded_images/1208.PNG
크루 넥 긴팔 티셔츠 [피콕 블루],1,downloaded_images/1209.PNG
우먼즈 코튼 와이드 버뮤다 쇼츠 [크림],2,downloaded_images/1210.PNG
미니멀 크루 넥 니트 [블루],1,downloaded_images/1211.PNG
[쿨탠다드] 릴렉스 핏 크루 넥 반팔 티셔츠 [라이트 블루],1,downloaded_images/1212.PNG
헤비웨이트 오버사이즈 옥스포드 셔츠 [화이트],1,downloaded_images/1213.PNG
글렌 체크 와이드 히든 밴딩 슬랙스 [다크 베이지],2,downloaded_images/1214.PNG
와이드 히든 밴딩 슬랙스 [카키],2,downloaded_images/1215.PNG
[짱구대디 컬래버] CONE 플리츠 데님 트러커 재킷 [워시드 블랙],0,downloaded_images/1216.PNG
우먼즈 하이 웨이스트 와이드 히든 밴딩 슬랙스 [미디엄 그레이],2,downloaded_images/1217.PNG
세미 와이드 슬릿 히든 밴딩 슬랙스 [그레이],2,downloaded_images/1218.PNG
릴렉스드 리브드 하프 집업 니트 [블랙],1,downloaded_images/1219.PNG
코튼 린넨 투 턱 와이드 팬츠 [건메탈],2,downloaded_images/1220.PNG
우먼즈 배기 테이퍼드 히든 밴딩 슬랙스 [그레이],2,downloaded_images/1221.PNG
오버사이즈 3버튼 블레이저 [차콜 그레이],0,downloaded_images/1222.PNG
폴라 플리스 스웨트 팬츠 [미디엄 그레이],2,downloaded_images/1223.PNG
후디드 스웨트 집업 [네이비],0,downloaded_images/1224.PNG
루즈 스트레이트 데님 팬츠 [라이트 인디고],2,downloaded_images/1225.PNG
우먼즈 와이드 치노 팬츠 [크림],2,downloaded_images/1226.PNG
코튼 파라슈트 카고 팬츠 [블랙],2,downloaded_images/1227.PNG
라이트웨이트 와이드 드로스트링 밴딩 크롭 슬랙스 [라이트 베이지],2,downloaded_images/1228.PNG
스웨트셔츠 [아보카도],1,downloaded_images/1229.PNG
후디드 스웨트 집업 [오트밀],0,downloaded_images/1230.PNG
유틸리티 쇼츠 [버건디],2,downloaded_images/1231.PNG
퍼티그 쇼츠 [베이지],2,downloaded_images/1232.PNG
원 턱 와이드 카고 팬츠 [블랙],2,downloaded_images/1233.PNG
우먼즈 라이트웨이트 크롭 반팔 블레이저 [블랙],0,downloaded_images/1234.PNG
오버사이즈 포플린 셔츠 [스카이 블루],1,downloaded_images/1235.PNG
브라이트 나일론 이지 쇼츠_6.5인치 [라이트 그레이],2,downloaded_images/1236.PNG
릴렉스드 베이식 블레이저 [더스티 카키],0,downloaded_images/1237.PNG
윈드브레이커 아노락 재킷 [블랙],0,downloaded_images/1238.PNG
오버사이즈 폴라 플리스 스웨트셔츠 [블랙],1,downloaded_images/1239.PNG
스트레이트 데님 팬츠 [화이트],2,downloaded_images/1240.PNG
우먼즈 후디드 스웨트 집업 [블랙],0,downloaded_images/1241.PNG
쓰리 턱 세미 벌룬 슬랙스 [네이비],2,downloaded_images/1242.PNG
원 턱 루즈 테이퍼드 데님 팬츠 [크림],2,downloaded_images/1243.PNG
[쿨탠다드] 우먼즈 베이식 크루 넥 반팔 티셔츠 [네이비],1,downloaded_images/1244.PNG
우먼즈 크롭 후디드 스웨트 집업 [오트밀],0,downloaded_images/1245.PNG
우먼즈 스웨트 팬츠 [다크 그레이],2,downloaded_images/1246.PNG
헤비웨이트 라운지 스웨트 팬츠 [멜란지 라이트 그레이],2,downloaded_images/1247.PNG
우먼즈 슬림 스트레이트 히든 밴딩 슬랙스 [더스티 베이지],2,downloaded_images/1248.PNG
우먼즈 베이식 블레이저 [차콜 그레이],0,downloaded_images/1249.PNG
오버사이즈 크루 넥 반팔 티셔츠 [크림],1,downloaded_images/1250.PNG
엑스트라 오버사이즈 스웨트셔츠 [블랙],1,downloaded_images/1251.PNG
릴렉스드 테이퍼드 히든 밴딩 크롭 슬랙스 [더스티 크림],2,downloaded_images/1252.PNG
기모 스웨트 팬츠 [오트밀],2,downloaded_images/1253.PNG
라이트웨이트 테이퍼드 히든 밴딩 10부 슬랙스 [라이트 그레이],2,downloaded_images/1254.PNG
크루 넥 긴팔 티셔츠 [차콜 그레이],1,downloaded_images/1255.PNG
헤비웨이트 오버사이즈 스웨트셔츠 [멜란지 라이트 그레이],1,downloaded_images/1256.PNG
우먼즈 다운 푸퍼 숏 패딩 재킷 [아이보리],0,downloaded_images/1257.PNG
라이트웨이트 테이퍼드 히든 밴딩 10부 슬랙스 [차콜 그레이],2,downloaded_images/1258.PNG
우먼즈 릴렉스드 스웨트 팬츠 [다크 그레이],2,downloaded_images/1259.PNG
코튼 린넨 원 턱 와이드 팬츠 [카키],2,downloaded_images/1260.PNG
우먼즈 다운 푸퍼 숏 패딩 재킷 [블랙],0,downloaded_images/1261.PNG
라이트웨이트 테이퍼드 히든 밴딩 10부 슬랙스 [네이비],2,downloaded_images/1262.PNG
우먼즈 릴렉스드 스웨트 팬츠 [크림],2,downloaded_images/1263.PNG
오버사이즈 칼라드 스웨트셔츠 [다크 그레이],1,downloaded_images/1264.PNG
릴렉스드 테이퍼드 히든 밴딩 크롭 슬랙스 [베이지],2,downloaded_images/1265.PNG
비건 무톤 재킷 [블랙],0,downloaded_images/1266.PNG
릴렉스 핏 크루 넥 반팔 티셔츠 [잉크 블루],1,downloaded_images/1267.PNG
[쿨탠다드] 쿨링 밴딩 쇼츠 [블랙],2,downloaded_images/1268.PNG
폰테 모크 넥 긴팔 티셔츠 [블랙],1,downloaded_images/1269.PNG
[쿨탠다드] 와이드 히든 밴딩 슬랙스 [라이트 그레이],2,downloaded_images/1270.PNG
우먼즈 스트레이트 데님 팬츠 [크림],2,downloaded_images/1271.PNG
원 턱 와이드 데님 쇼츠 [워시드 블랙],2,downloaded_images/1272.PNG
라이트웨이트 윈드브레이커 파카 [블랙],0,downloaded_images/1273.PNG
벨루어 트랙 탑 [블랙],0,downloaded_images/1274.PNG
베이식 크루 넥 반팔 티셔츠 [레드],1,downloaded_images/1275.PNG
더블 니트 원 턱 와이드 스웨트 쇼츠 [멜란지 그레이],2,downloaded_images/1276.PNG
미니멀 크루 넥 니트 [라이트 그레이],1,downloaded_images/1277.PNG
슬래쉬 슬림 크롭 데님 팬츠 [블랙],2,downloaded_images/1278.PNG
우먼즈 와이드 코듀로이 팬츠 [크림],2,downloaded_images/1279.PNG
우먼즈 와이드 코듀로이 팬츠 [블랙],2,downloaded_images/1280.PNG
미니멀 모크 넥 니트 [미디엄 그레이],1,downloaded_images/1281.PNG
폰테 크루 넥 긴팔 티셔츠 [멜란지 그레이],1,downloaded_images/1282.PNG
폰테 크루 넥 긴팔 티셔츠 [더스티 민트],1,downloaded_images/1283.PNG
우먼즈 캐시미어 블렌드 쇼트 맥 코트 [블랙],0,downloaded_images/1284.PNG
릴렉스드 테이퍼드 히든 밴딩 크롭 슬랙스 [화이트],2,downloaded_images/1285.PNG
콘트라스트 스티치 레귤러 핏 데님 팬츠 [크림],2,downloaded_images/1286.PNG
스키니 히든 밴딩 크롭 슬랙스 [라이트 베이지],2,downloaded_images/1287.PNG
후디드 스웨트셔츠 [오트밀],1,downloaded_images/1288.PNG
우먼즈 와이드 데님 팬츠 [그레이],2,downloaded_images/1289.PNG
우먼즈 슬림 스트레이트 히든 밴딩 슬랙스 [차콜 그레이],2,downloaded_images/1290.PNG
시어서커 풀오버 셔츠 [화이트/그레이쉬 네이비],1,downloaded_images/1291.PNG
스트레이트 히든 밴딩 슬랙스 [더스티 베이지],2,downloaded_images/1292.PNG
라이트웨이트 쓰리 턱 세미 벌룬 슬랙스 [블랙],2,downloaded_images/1293.PNG
우먼즈 맘 핏 데님 팬츠 [미디엄 인디고],2,downloaded_images/1294.PNG
콘트라스트 스티치 스웨트셔츠 [미디엄 그레이],1,downloaded_images/1295.PNG
우먼즈 에센셜 탱크 탑 [화이트],1,downloaded_images/1296.PNG
[프리미엄] 실켓 릴렉스 핏 크루 넥 반팔 티셔츠 [크림],1,downloaded_images/1297.PNG
스트라이프 보트 넥 긴팔 티셔츠 [네이비/아이보리],1,downloaded_images/1298.PNG
스웨트셔츠 [더스티 카키],1,downloaded_images/1299.PNG
베이식 크루 넥 반팔 티셔츠 [그레이쉬 블루],1,downloaded_images/1300.PNG
[짱구대디 컬래버] CONE 스트레이트 데님 팬츠 [미디엄 인디고],2,downloaded_images/1301.PNG
우먼즈 릴렉스드 스웨트 팬츠 [멜란지 라이트 그레이],2,downloaded_images/1302.PNG
우먼즈 램스울 리브드 니트 집업 [미디엄 그레이],0,downloaded_images/1303.PNG
칼라리스 블레이저 [블랙],0,downloaded_images/1304.PNG
우먼즈 베이식 크루 넥 반팔 티셔츠 [오트밀],1,downloaded_images/1305.PNG
우먼즈 크롭 블레이저 [더스티 베이지],0,downloaded_images/1306.PNG
미니멀 가디건 [차콜 그레이],0,downloaded_images/1307.PNG
우먼즈 베이식 크루 넥 반팔 티셔츠 [라이트 베이지],1,downloaded_images/1308.PNG
원 턱 루즈 테이퍼드 데님 팬츠 [로우 블랙],2,downloaded_images/1309.PNG
오버사이즈 MA-1 보머 재킷 [더스티 카키],0,downloaded_images/1310.PNG
우먼즈 라이트웨이트 스트레이트 히든 밴딩 슬랙스 [그레이],2,downloaded_images/1311.PNG
우먼즈 코튼 와이드 버뮤다 쇼츠 [베이지],2,downloaded_images/1312.PNG
M-65 필드 재킷 [블랙],0,downloaded_images/1313.PNG
칼라리스 폴라 플리스 재킷 [블랙],0,downloaded_images/1314.PNG
미니멀 브이 넥 니트 [블랙],1,downloaded_images/1315.PNG
헤비웨이트 오버사이즈 후디드 스웨트셔츠 [다크 그레이],1,downloaded_images/1316.PNG
라이트웨이트 히든 밴딩 하프 슬랙스 [라이트 베이지],2,downloaded_images/1317.PNG
우먼즈 릴렉스 핏 크루 넥 크롭 반팔 티셔츠 [화이트],1,downloaded_images/1318.PNG
우먼즈 라이트웨이트 하이 웨이스트 와이드 히든 밴딩 슬랙스 [더스티 베이지],2,downloaded_images/1319.PNG
코튼 구르카 쇼츠 [베이지],2,downloaded_images/1320.PNG
글렌 체크 테이퍼드 히든 밴딩 크롭 슬랙스 [다크 베이지],2,downloaded_images/1321.PNG
코튼 린넨 투 턱 와이드 팬츠 [베이지],2,downloaded_images/1322.PNG
코튼 구르카 팬츠 [카키],2,downloaded_images/1323.PNG
우먼즈 오버사이즈 스웨트셔츠 [오트밀],1,downloaded_images/1324.PNG
우먼즈 베이식 크루 넥 반팔 티셔츠 [라이트 그린],1,downloaded_images/1325.PNG
[쿨탠다드] 스트레이트 데님 팬츠 [스카이 블루],2,downloaded_images/1326.PNG
쓰리 턱 세미 벌룬 슬랙스 [그레이쉬 베이지],2,downloaded_images/1327.PNG
코튼 구르카 쇼츠 [블랙],2,downloaded_images/1328.PNG
오픈 칼라 폴로 셔츠 [머쉬룸],1,downloaded_images/1329.PNG
우먼즈 캐시미어 블렌드 오버 숄더 싱글 코트 [블랙],0,downloaded_images/1330.PNG
라이트웨이트 릴렉스드 테이퍼드 히든 밴딩 크롭 슬랙스 [라이트 베이지],2,downloaded_images/1331.PNG
스웨트 팬츠 [차콜 그레이],2,downloaded_images/1332.PNG
후디드 스웨트셔츠 [네이비],1,downloaded_images/1333.PNG
미니멀 크루 넥 니트 [미드나잇 블루],1,downloaded_images/1334.PNG
[그린] 리사이클 릴렉스드 크루 넥 반팔 티셔츠 [블랙],1,downloaded_images/1335.PNG
[쿨탠다드] 우먼즈 크루 넥 크롭 반팔 티셔츠 [크림],1,downloaded_images/1336.PNG
테이퍼드 히든 밴딩 크롭 슬랙스 [카키],2,downloaded_images/1337.PNG
수피마 베이식 크루 넥 반팔 티셔츠 [화이트],1,downloaded_images/1338.PNG
릴렉스드 코튼 트러커 재킷 [베이지],0,downloaded_images/1339.PNG
테이퍼드 치노 팬츠 [라이트 브라운],2,downloaded_images/1340.PNG
멀티 스트라이프 릴렉스드 긴팔 티셔츠 1 [블랙/화이트],1,downloaded_images/1341.PNG
우먼즈 와이드 카고 팬츠 [크림],2,downloaded_images/1342.PNG
[프리미엄] 캐시미어 20 오버사이즈 더블 코트 [블랙],0,downloaded_images/1343.PNG
오버사이즈 리브드 크루 넥 니트 [블랙],1,downloaded_images/1344.PNG
우먼즈 릴렉스드 맘 핏 데님 팬츠 [워시드 블랙],2,downloaded_images/1345.PNG
우먼즈 라이트웨이트 하이 웨이스트 와이드 히든 밴딩 슬랙스 [네이비],2,downloaded_images/1346.PNG
베이식 피케 폴로 셔츠 [다크 그레이],1,downloaded_images/1347.PNG
[핏더사이즈 컬래버] 시티 레저 오버사이즈 셔츠 [삭스 블루],1,downloaded_images/1348.PNG
[쿨탠다드] 릴렉스 핏 크루 넥 반팔 티셔츠 [아이언 그레이],1,downloaded_images/1349.PNG
[쿨탠다드] 슬릿 넥 니티드 폴로 셔츠 [블랙],1,downloaded_images/1350.PNG
우먼즈 램스울 리브드 니트 집업 [아이보리],0,downloaded_images/1351.PNG
크루 넥 7부 티셔츠 [오트밀],1,downloaded_images/1352.PNG
[핏더사이즈 컬래버] 시티 레저 다운 패딩 베스트 [블랙],0,downloaded_images/1353.PNG
라이트웨이트 릴렉스드 베이식 블레이저 [미디엄 그레이],0,downloaded_images/1354.PNG
[쿨탠다드] 테이퍼드 히든 밴딩 크롭 슬랙스 [아이언 그레이],2,downloaded_images/1355.PNG
우먼즈 크롭 탱크 탑 [화이트],1,downloaded_images/1356.PNG
라운지 스웨트 팬츠 [더스티 카키],2,downloaded_images/1357.PNG
[쿨탠다드] 세미 와이드 히든 밴딩 슬랙스 [건메탈],2,downloaded_images/1358.PNG
헤비웨이트 오버사이즈 후디드 스웨트 집업 [다크 그레이],0,downloaded_images/1359.PNG
나일론 이지 쇼츠_5.5인치 [더스티 블루],2,downloaded_images/1360.PNG
램스울 브이 넥 니트 베스트 [미디엄 그레이],1,downloaded_images/1361.PNG
[그린] 리사이클 투 턱 와이드 히든 밴딩 슬랙스 [차콜 그레이],2,downloaded_images/1362.PNG
[프리미엄] MTR 대디 숄더 싱글 롱 코트 [블랙],0,downloaded_images/1363.PNG
슬릿 넥 피케 폴로 셔츠 [카키],1,downloaded_images/1364.PNG
나일론 이지 쇼츠_5.5인치 [올리브 그린],2,downloaded_images/1365.PNG
코튼 린넨 와이드 이지 팬츠 [카키],2,downloaded_images/1366.PNG
우먼즈 볼륨 크롭 후디드 스웨트 집업 [미디엄 그레이],0,downloaded_images/1367.PNG
오버사이즈 데님 트러커 재킷 [라이트 인디고],0,downloaded_images/1368.PNG
코튼 구르카 팬츠 [블랙],2,downloaded_images/1369.PNG
대디 숄더 오버사이즈 블레이저 [더스티 베이지],0,downloaded_images/1370.PNG
[쿨탠다드] 피케 폴로 셔츠 [더스티 베이지],1,downloaded_images/1371.PNG
라이트웨이트 와이드 드로스트링 밴딩 크롭 슬랙스 [미디엄 그레이],2,downloaded_images/1372.PNG
트랜스폼 라운드 넥 라이트 다운 베스트 [베이지],0,downloaded_images/1373.PNG
[짱구대디 컬래버] CONE 플리츠 데님 트러커 재킷 [딥 인디고],0,downloaded_images/1374.PNG
우먼즈 웨이스트밴들리스 와이드 슬랙스 [크림],2,downloaded_images/1375.PNG
치노 쇼츠 [카키],2,downloaded_images/1376.PNG
울 블렌드 리버스 턱 와이드 슬랙스 [블랙],2,downloaded_images/1377.PNG
오버사이즈 포플린 반팔 셔츠 [스카이 블루],1,downloaded_images/1378.PNG
헤비웨이트 속기모 리얼 와이드 히든 밴딩 슬랙스 [차콜 그레이],2,downloaded_images/1379.PNG
라이트웨이트 와이드 히든 밴딩 슬랙스 [다크 그레이],2,downloaded_images/1380.PNG
[쿨탠다드] 베이식 크루 넥 반팔 티셔츠 [다크 그레이],1,downloaded_images/1381.PNG
트랜스폼 라운드 넥 라이트 다운 베스트 [차콜 그레이],0,downloaded_images/1382.PNG
커브드 와이드 치노 팬츠 [크림],2,downloaded_images/1383.PNG
램스울 오버사이즈 가디건 [차콜 그레이],0,downloaded_images/1384.PNG
우먼즈 슬림 스트레이트 데님 팬츠 [미디엄 인디고],2,downloaded_images/1385.PNG
우먼즈 트랜스폼 라운드 넥 라이트 다운 재킷 [라이트 그레이],0,downloaded_images/1386.PNG
와이드 히든 밴딩 크롭 슬랙스 [그레이],2,downloaded_images/1387.PNG
미니멀 터틀 넥 니트 [블랙],1,downloaded_images/1388.PNG
우먼즈 부츠 컷 코듀로이 팬츠 [블랙],2,downloaded_images/1389.PNG
크루 넥 긴팔 티셔츠 [라이트 카키],1,downloaded_images/1390.PNG
[그린] 리사이클 라운지 스웨트 팬츠 [미디엄 그레이],2,downloaded_images/1391.PNG
아웃 포켓 다운 숏 패딩 재킷 [라이트 그레이],0,downloaded_images/1392.PNG
미니멀 롱 다운 파카 [블랙],0,downloaded_images/1393.PNG
우먼즈 테이퍼드 코듀로이 팬츠 [크림],2,downloaded_images/1394.PNG
우먼즈 플루이드 와이드 슬랙스 [웜 그레이],2,downloaded_images/1395.PNG
스트라이프 보트 넥 긴팔 티셔츠 [아이보리/블루],1,downloaded_images/1396.PNG
우먼즈 플리스 칼라리스 재킷 [네이비],0,downloaded_images/1397.PNG
[그린] 리사이클 원 턱 릴렉스드 테이퍼드 히든 밴딩 크롭 슬랙스 [네이비],2,downloaded_images/1398.PNG
플레인 폴로 셔츠 [더스티 카키],1,downloaded_images/1399.PNG
릴렉스 핏 피케 폴로 셔츠 [카키],1,downloaded_images/1400.PNG
코튼 린넨 투 턱 와이드 팬츠 [라이트 베이지],2,downloaded_images/1401.PNG
릴렉스 핏 크루 넥 반팔 티셔츠 [딥 그린],1,downloaded_images/1402.PNG
헤비웨이트 오버사이즈 스웨트셔츠 [블루 그레이],1,downloaded_images/1403.PNG
램스킨 싱글 라이더 재킷 [블랙],0,downloaded_images/1404.PNG
램스울 리브드 브이 넥 니트 [머쉬룸],1,downloaded_images/1405.PNG
베이식 크루 넥 반팔 티셔츠 [애쉬 그레이],1,downloaded_images/1406.PNG
폴라 플리스 스웨트 팬츠 [더스티 베이지],2,downloaded_images/1407.PNG
데님 드리즐러 재킷 [딥 인디고],0,downloaded_images/1408.PNG
